#PDB,Partners(A_B),Protein-1,Protein-2,mutation,Mutation,ddG,PDB Res. (Angstroms),PDB R-value,PDB R-free,PDB pH,PDB T (K),PDB MolProbity clashscore,PDB DOI,Assay Name,Assay pH,Assay Temp (Celcius),antigen,heavy,light
1BJ1,HL_VW,VEGF,Neutralizing mAb (fab-12),FV17A,V:F17A,0.0,2.4,0.196,0.266,6,100,4.34, 10.1016/S0969-2126(98)00116-6,SPR,,37.0,"V,W",H,L
1BJ1,HL_VW,VEGF,Neutralizing mAb (fab-12),YV21A,V:Y21A,0.0,2.4,0.196,0.266,6,100,4.34, 10.1016/S0969-2126(98)00116-6,SPR,,37.0,"V,W",H,L
1BJ1,HL_VW,VEGF,Neutralizing mAb (fab-12),EW93A,W:E93A,0.82,2.4,0.196,0.266,6,100,4.34, 10.1016/S0969-2126(98)00116-6,SPR,,37.0,"V,W",H,L
1BJ1,HL_VW,VEGF,Neutralizing mAb (fab-12),GW88A,W:G88A,2.76,2.4,0.196,0.266,6,100,4.34, 10.1016/S0969-2126(98)00116-6,SPR,,37.0,"V,W",H,L
1BJ1,HL_VW,VEGF,Neutralizing mAb (fab-12),GW92A,W:G92A,3.69,2.4,0.196,0.266,6,100,4.34, 10.1016/S0969-2126(98)00116-6,SPR,,37.0,"V,W",H,L
1BJ1,HL_VW,VEGF,Neutralizing mAb (fab-12),HW86A,W:H86A,0.0,2.4,0.196,0.266,6,100,4.34, 10.1016/S0969-2126(98)00116-6,SPR,,37.0,"V,W",H,L
1BJ1,HL_VW,VEGF,Neutralizing mAb (fab-12),HW90A,W:H90A,0.0,2.4,0.196,0.266,6,100,4.34, 10.1016/S0969-2126(98)00116-6,SPR,,37.0,"V,W",H,L
1BJ1,HL_VW,VEGF,Neutralizing mAb (fab-12),IW80A,W:I80A,0.82,2.4,0.196,0.266,6,100,4.34, 10.1016/S0969-2126(98)00116-6,SPR,,37.0,"V,W",H,L
1BJ1,HL_VW,VEGF,Neutralizing mAb (fab-12),IW83A,W:I83A,3.69,2.4,0.196,0.266,6,100,4.34, 10.1016/S0969-2126(98)00116-6,SPR,,37.0,"V,W",H,L
1BJ1,HL_VW,VEGF,Neutralizing mAb (fab-12),IW91A,W:I91A,0.41,2.4,0.196,0.266,6,100,4.34, 10.1016/S0969-2126(98)00116-6,SPR,,37.0,"V,W",H,L
1BJ1,HL_VW,VEGF,Neutralizing mAb (fab-12),KW48A,W:K48A,0.41,2.4,0.196,0.266,6,100,4.34, 10.1016/S0969-2126(98)00116-6,SPR,,37.0,"V,W",H,L
1BJ1,HL_VW,VEGF,Neutralizing mAb (fab-12),KW84A,W:K84A,0.65,2.4,0.196,0.266,6,100,4.34, 10.1016/S0969-2126(98)00116-6,SPR,,37.0,"V,W",H,L
1BJ1,HL_VW,VEGF,Neutralizing mAb (fab-12),MW81A,W:M81A,3.69,2.4,0.196,0.266,6,100,4.34, 10.1016/S0969-2126(98)00116-6,SPR,,37.0,"V,W",H,L
1BJ1,HL_VW,VEGF,Neutralizing mAb (fab-12),MW94A,W:M94A,1.42,2.4,0.196,0.266,6,100,4.34, 10.1016/S0969-2126(98)00116-6,SPR,,37.0,"V,W",H,L
1BJ1,HL_VW,VEGF,Neutralizing mAb (fab-12),QW79A,W:Q79A,0.0,2.4,0.196,0.266,6,100,4.34, 10.1016/S0969-2126(98)00116-6,SPR,,37.0,"V,W",H,L
1BJ1,HL_VW,VEGF,Neutralizing mAb (fab-12),QW87A,W:Q87A,0.0,2.4,0.196,0.266,6,100,4.34, 10.1016/S0969-2126(98)00116-6,SPR,,37.0,"V,W",H,L
1BJ1,HL_VW,VEGF,Neutralizing mAb (fab-12),QW89A,W:Q89A,1.75,2.4,0.196,0.266,6,100,4.34, 10.1016/S0969-2126(98)00116-6,SPR,,37.0,"V,W",H,L
1BJ1,HL_VW,VEGF,Neutralizing mAb (fab-12),RW82A,W:R82A,3.69,2.4,0.196,0.266,6,100,4.34, 10.1016/S0969-2126(98)00116-6,SPR,,37.0,"V,W",H,L
1BJ1,HL_VW,VEGF,Neutralizing mAb (fab-12),YW45A,W:Y45A,0.82,2.4,0.196,0.266,6,100,4.34, 10.1016/S0969-2126(98)00116-6,SPR,,37.0,"V,W",H,L
1CZ8,HL_VW,VEGF,affinity matured mAb (Y0317),FV17A,V:F17A,0.0,2.4,0.208,0.267,6,100,21.64, 10.1006/JMBI.1999.3192,SPR,,37.0,"V,W",H,L
1CZ8,HL_VW,VEGF,affinity matured mAb (Y0317),YV21A,V:Y21A,0.0,2.4,0.208,0.267,6,100,21.64, 10.1006/JMBI.1999.3192,SPR,,37.0,"V,W",H,L
1CZ8,HL_VW,VEGF,affinity matured mAb (Y0317),EW93A,W:E93A,1.15,2.4,0.208,0.267,6,100,21.64, 10.1006/JMBI.1999.3192,SPR,,37.0,"V,W",H,L
1CZ8,HL_VW,VEGF,affinity matured mAb (Y0317),GW88A,W:G88A,2.67,2.4,0.208,0.267,6,100,21.64, 10.1006/JMBI.1999.3192,SPR,,37.0,"V,W",H,L
1CZ8,HL_VW,VEGF,affinity matured mAb (Y0317),GW92A,W:G92A,4.1,2.4,0.208,0.267,6,100,21.64, 10.1006/JMBI.1999.3192,SPR,,37.0,"V,W",H,L
1CZ8,HL_VW,VEGF,affinity matured mAb (Y0317),HW86A,W:H86A,0.0,2.4,0.208,0.267,6,100,21.64, 10.1006/JMBI.1999.3192,SPR,,37.0,"V,W",H,L
1CZ8,HL_VW,VEGF,affinity matured mAb (Y0317),HW90A,W:H90A,0.0,2.4,0.208,0.267,6,100,21.64, 10.1006/JMBI.1999.3192,SPR,,37.0,"V,W",H,L
1CZ8,HL_VW,VEGF,affinity matured mAb (Y0317),IW80A,W:I80A,0.95,2.4,0.208,0.267,6,100,21.64, 10.1006/JMBI.1999.3192,SPR,,37.0,"V,W",H,L
1CZ8,HL_VW,VEGF,affinity matured mAb (Y0317),IW83A,W:I83A,1.3,2.4,0.208,0.267,6,100,21.64, 10.1006/JMBI.1999.3192,SPR,,37.0,"V,W",H,L
1CZ8,HL_VW,VEGF,affinity matured mAb (Y0317),IW91A,W:I91A,1.06,2.4,0.208,0.267,6,100,21.64, 10.1006/JMBI.1999.3192,SPR,,37.0,"V,W",H,L
1CZ8,HL_VW,VEGF,affinity matured mAb (Y0317),KW48A,W:K48A,0.0,2.4,0.208,0.267,6,100,21.64, 10.1006/JMBI.1999.3192,SPR,,37.0,"V,W",H,L
1CZ8,HL_VW,VEGF,affinity matured mAb (Y0317),KW84A,W:K84A,1.36,2.4,0.208,0.267,6,100,21.64, 10.1006/JMBI.1999.3192,SPR,,37.0,"V,W",H,L
1CZ8,HL_VW,VEGF,affinity matured mAb (Y0317),MW81A,W:M81A,4.1,2.4,0.208,0.267,6,100,21.64, 10.1006/JMBI.1999.3192,SPR,,37.0,"V,W",H,L
1CZ8,HL_VW,VEGF,affinity matured mAb (Y0317),MW94A,W:M94A,1.91,2.4,0.208,0.267,6,100,21.64, 10.1006/JMBI.1999.3192,SPR,,37.0,"V,W",H,L
1CZ8,HL_VW,VEGF,affinity matured mAb (Y0317),QW79A,W:Q79A,0.65,2.4,0.208,0.267,6,100,21.64, 10.1006/JMBI.1999.3192,SPR,,37.0,"V,W",H,L
1CZ8,HL_VW,VEGF,affinity matured mAb (Y0317),QW87A,W:Q87A,0.0,2.4,0.208,0.267,6,100,21.64, 10.1006/JMBI.1999.3192,SPR,,37.0,"V,W",H,L
1CZ8,HL_VW,VEGF,affinity matured mAb (Y0317),QW89A,W:Q89A,1.06,2.4,0.208,0.267,6,100,21.64, 10.1006/JMBI.1999.3192,SPR,,37.0,"V,W",H,L
1CZ8,HL_VW,VEGF,affinity matured mAb (Y0317),RW82A,W:R82A,0.82,2.4,0.208,0.267,6,100,21.64, 10.1006/JMBI.1999.3192,SPR,,37.0,"V,W",H,L
1CZ8,HL_VW,VEGF,affinity matured mAb (Y0317),YW45A,W:Y45A,1.94,2.4,0.208,0.267,6,100,21.64, 10.1006/JMBI.1999.3192,SPR,,37.0,"V,W",H,L
1DQJ,C_HL,HYHEL-63,Lysozyme,"DH32A,KC97A","H:D32A,C:K97A",2.5,2.0,0.217,0.25,4.6,298,10.15, 10.1021/BI000054L,SPR,7.5,25.0,C,H,L
1DQJ,C_HL,HYHEL-63,Lysozyme,"WH98A,KC97A","H:W98A,C:K97A",6.6,2.0,0.217,0.25,4.6,298,10.15, 10.1021/BI000054L,SPR,7.5,25.0,C,H,L
1DQJ,C_HL,HYHEL-63,Lysozyme,"WH98A,SC100A","H:W98A,C:S100A",5.3,2.0,0.217,0.25,4.6,298,10.15, 10.1021/BI000054L,SPR,7.5,25.0,C,H,L
1DQJ,C_HL,HYHEL-63,Lysozyme,"WH98A,YC20A","H:W98A,C:Y20A",5.1,2.0,0.217,0.25,4.6,298,10.15, 10.1021/BI000054L,SPR,7.5,25.0,C,H,L
1DQJ,C_HL,HYHEL-63,Lysozyme,"YH53A,DC101A","H:Y53A,C:D101A",2.7,2.0,0.217,0.25,4.6,298,10.15, 10.1021/BI000054L,SPR,7.5,25.0,C,H,L
1DQJ,C_HL,HYHEL-63,Lysozyme,"YH53A,LC75A","H:Y53A,C:L75A",1.2,2.0,0.217,0.25,4.6,298,10.15, 10.1021/BI000054L,SPR,7.5,25.0,C,H,L
1DQJ,C_HL,HYHEL-63,Lysozyme,"YH53A,WC62A","H:Y53A,C:W62A",1.3,2.0,0.217,0.25,4.6,298,10.15, 10.1021/BI000054L,SPR,7.5,25.0,C,H,L
1DQJ,C_HL,HYHEL-63,Lysozyme,"YH53A,WC63A","H:Y53A,C:W63A",2.2,2.0,0.217,0.25,4.6,298,10.15, 10.1021/BI000054L,SPR,7.5,25.0,C,H,L
1DQJ,C_HL,HYHEL-63,Lysozyme,"NL32A,KC96A","L:N32A,C:K96A",5.8,2.0,0.217,0.25,4.6,298,10.15, 10.1021/BI000054L,SPR,7.5,25.0,C,H,L
1DQJ,C_HL,HYHEL-63,Lysozyme,"SL91A,RC21A","L:S91A,C:R21A",3.2,2.0,0.217,0.25,4.6,298,10.15, 10.1021/BI000054L,SPR,7.5,25.0,C,H,L
1DQJ,C_HL,HYHEL-63,Lysozyme,"SL91A,YC20A","L:S91A,C:Y20A",3.6,2.0,0.217,0.25,4.6,298,10.15, 10.1021/BI000054L,SPR,7.5,25.0,C,H,L
1DQJ,C_HL,HYHEL-63,Lysozyme,"YL96A,RC21A","L:Y96A,C:R21A",3.5,2.0,0.217,0.25,4.6,298,10.15, 10.1021/BI000054L,SPR,7.5,25.0,C,H,L
1DQJ,C_HL,HYHEL-63,Lysozyme,"YL96A,SC100A","L:Y96A,C:S100A",0.9,2.0,0.217,0.25,4.6,298,10.15, 10.1021/BI000054L,SPR,7.5,25.0,C,H,L
1DQJ,C_HL,HYHEL-63,Lysozyme,DC101A,C:D101A,1.3,2.0,0.217,0.25,4.6,298,10.15, 10.1021/BI000054L,SPR,7.5,25.0,C,H,L
1DQJ,C_HL,HYHEL-63,Lysozyme,KC96A,C:K96A,6.1,2.0,0.217,0.25,4.6,298,10.15, 10.1021/BI000054L,SPR,7.5,25.0,C,H,L
1DQJ,C_HL,HYHEL-63,Lysozyme,KC97A,C:K97A,3.5,2.0,0.217,0.25,4.6,298,10.15, 10.1021/BI000054L,SPR,7.5,25.0,C,H,L
1DQJ,C_HL,HYHEL-63,Lysozyme,LC75A,C:L75A,1.5,2.0,0.217,0.25,4.6,298,10.15, 10.1021/BI000054L,SPR,7.5,25.0,C,H,L
1DQJ,C_HL,HYHEL-63,Lysozyme,NC93A,C:N93A,0.6,2.0,0.217,0.25,4.6,298,10.15, 10.1021/BI000054L,SPR,7.5,25.0,C,H,L
1DQJ,C_HL,HYHEL-63,Lysozyme,RC21A,C:R21A,1.3,2.0,0.217,0.25,4.6,298,10.15, 10.1021/BI000054L,SPR,7.5,25.0,C,H,L
1DQJ,C_HL,HYHEL-63,Lysozyme,SC100A,C:S100A,0.8,2.0,0.217,0.25,4.6,298,10.15, 10.1021/BI000054L,SPR,7.5,25.0,C,H,L
1DQJ,C_HL,HYHEL-63,Lysozyme,TC89A,C:T89A,0.8,2.0,0.217,0.25,4.6,298,10.15, 10.1021/BI000054L,SPR,7.5,25.0,C,H,L
1DQJ,C_HL,HYHEL-63,Lysozyme,WC62A,C:W62A,0.8,2.0,0.217,0.25,4.6,298,10.15, 10.1021/BI000054L,SPR,7.5,25.0,C,H,L
1DQJ,C_HL,HYHEL-63,Lysozyme,WC63A,C:W63A,1.3,2.0,0.217,0.25,4.6,298,10.15, 10.1021/BI000054L,SPR,7.5,25.0,C,H,L
1DQJ,C_HL,HYHEL-63,Lysozyme,YC20A,C:Y20A,3.3,2.0,0.217,0.25,4.6,298,10.15, 10.1021/BI000054L,SPR,7.5,25.0,C,H,L
1DQJ,C_HL,HYHEL-63,Lysozyme,DH32A,H:D32A,2.0,2.0,0.217,0.25,4.6,298,10.15, 10.1021/BI000054L,SPR,7.5,25.0,C,H,L
1DQJ,C_HL,HYHEL-63,Lysozyme,WH98A,H:W98A,4.9,2.0,0.217,0.25,4.6,298,10.15, 10.1021/BI000054L,SPR,7.5,25.0,C,H,L
1DQJ,C_HL,HYHEL-63,Lysozyme,YH33A,H:Y33A,5.5,2.0,0.217,0.25,4.6,298,10.15, 10.1021/BI000054L,SPR,7.5,25.0,C,H,L
1DQJ,C_HL,HYHEL-63,Lysozyme,YH50A,H:Y50A,6.9,2.0,0.217,0.25,4.6,298,10.15, 10.1021/BI000054L,SPR,7.5,25.0,C,H,L
1DQJ,C_HL,HYHEL-63,Lysozyme,YH53A,H:Y53A,1.2,2.0,0.217,0.25,4.6,298,10.15, 10.1021/BI000054L,SPR,7.5,25.0,C,H,L
1DQJ,C_HL,HYHEL-63,Lysozyme,NL31A,L:N31A,2.0,2.0,0.217,0.25,4.6,298,10.15, 10.1021/BI000054L,SPR,7.5,25.0,C,H,L
1DQJ,C_HL,HYHEL-63,Lysozyme,NL32A,L:N32A,4.1,2.0,0.217,0.25,4.6,298,10.15, 10.1021/BI000054L,SPR,7.5,25.0,C,H,L
1DQJ,C_HL,HYHEL-63,Lysozyme,SL91A,L:S91A,1.4,2.0,0.217,0.25,4.6,298,10.15, 10.1021/BI000054L,SPR,7.5,25.0,C,H,L
1DQJ,C_HL,HYHEL-63,Lysozyme,YL50A,L:Y50A,2.7,2.0,0.217,0.25,4.6,298,10.15, 10.1021/BI000054L,SPR,7.5,25.0,C,H,L
1DQJ,C_HL,HYHEL-63,Lysozyme,YL96A,L:Y96A,1.1,2.0,0.217,0.25,4.6,298,10.15, 10.1021/BI000054L,SPR,7.5,25.0,C,H,L
1JRH,HL_I,A6 fab,IFNgammaR1-108,"AI59S,II61T,HI65D","I:A59S,I:I61T,I:H65D",0.06,2.8,0.246,0.314,5.5,120,14.75, 10.1006/JMBI.1997.1336,SPR,7.2,25.0,I,H,L
1JRH,HL_I,A6 fab,IFNgammaR1-108,"AI95D,KI98R,EI100K","I:A95D,I:K98R,I:E100K",-0.06,2.8,0.246,0.314,5.5,120,14.75, 10.1006/JMBI.1997.1336,SPR,7.2,25.0,I,H,L
1JRH,HL_I,A6 fab,IFNgammaR1-108,"II35N,PI37S,VI39T,VI41I","I:I35N,I:P37S,I:V39T,I:V41I",0.15,2.8,0.246,0.314,5.5,120,14.75, 10.1006/JMBI.1997.1336,SPR,7.2,25.0,I,H,L
1JRH,HL_I,A6 fab,IFNgammaR1-108,"MI25L,II28V","I:M25L,I:I28V",-0.21,2.8,0.246,0.314,5.5,120,14.75, 10.1006/JMBI.1997.1336,SPR,7.2,25.0,I,H,L
1JRH,HL_I,A6 fab,IFNgammaR1-108,"SI71Y,DI72E,HI73Q,VI74I,GI75M,DI76Y,SI78D,NI79V,LI81A","I:S71Y,I:D72E,I:H73Q,I:V74I,I:G75M,I:D76Y,I:S78D,I:N79V,I:L81A",2.73,2.8,0.246,0.314,5.5,120,14.75, 10.1006/JMBI.1997.1336,SPR,7.2,25.0,I,H,L
1JRH,HL_I,A6 fab,IFNgammaR1-108,"TI19L,EI21K","I:T19L,I:E21K",-0.02,2.8,0.246,0.314,5.5,120,14.75, 10.1006/JMBI.1997.1336,SPR,7.2,25.0,I,H,L
1JRH,HL_I,A6 fab,IFNgammaR1-108,"VI83A,RI88K","I:V83A,I:R88K",-0.21,2.8,0.246,0.314,5.5,120,14.75, 10.1006/JMBI.1997.1336,SPR,7.2,25.0,I,H,L
1JRH,HL_I,A6 fab,IFNgammaR1-108,EI45Q,I:E45Q,0.11,2.8,0.246,0.314,5.5,120,14.75, 10.1006/JMBI.1997.1336,SPR,7.2,25.0,I,H,L
1JRH,HL_I,A6 fab,IFNgammaR1-108,TI14V,I:T14V,-0.02,2.8,0.246,0.314,5.5,120,14.75, 10.1006/JMBI.1997.1336,SPR,7.2,25.0,I,H,L
1MHP,A_HL,Integrin-I,Neutralizing hu-FAB,"KH64E,SL28Q","H:K64E,L:S28Q",-0.85,2.8,0.222,0.272,7.4,100,25.4, 10.1016/S0022-2836(03)00203-1,ELISA,,25.0,A,H,L
1MHP,A_HL,Integrin-I,Neutralizing hu-FAB,"KH64E,SL28Q,NL52Y","H:K64E,L:S28Q,L:N52Y",-0.95,2.8,0.222,0.272,7.4,100,25.4, 10.1016/S0022-2836(03)00203-1,ELISA,,25.0,A,H,L
1MHP,A_HL,Integrin-I,Neutralizing hu-FAB,"LH60D,KH64E","H:L60D,H:K64E",-0.14,2.8,0.222,0.272,7.4,100,25.4, 10.1016/S0022-2836(03)00203-1,ELISA,,25.0,A,H,L
1MHP,A_HL,Integrin-I,Neutralizing hu-FAB,"LH60D,KH64Q","H:L60D,H:K64Q",0.04,2.8,0.222,0.272,7.4,100,25.4, 10.1016/S0022-2836(03)00203-1,ELISA,,25.0,A,H,L
1MHP,A_HL,Integrin-I,Neutralizing hu-FAB,"SH35A,GH102S","H:S35A,H:G102S",1.58,2.8,0.222,0.272,7.4,100,25.4, 10.1016/S0022-2836(03)00203-1,ELISA,,25.0,A,H,L
1MHP,A_HL,Integrin-I,Neutralizing hu-FAB,"SH35A,TH50V,GH102S","H:S35A,H:T50V,H:G102S",8.0,2.8,0.222,0.272,7.4,100,25.4, 10.1016/S0022-2836(03)00203-1,ELISA,,25.0,A,H,L
1MHP,A_HL,Integrin-I,Neutralizing hu-FAB,"SH35V,GH102S","H:S35V,H:G102S",1.43,2.8,0.222,0.272,7.4,100,25.4, 10.1016/S0022-2836(03)00203-1,ELISA,,25.0,A,H,L
1MHP,A_HL,Integrin-I,Neutralizing hu-FAB,"SH35V,TH50V,GH102S","H:S35V,H:T50V,H:G102S",8.0,2.8,0.222,0.272,7.4,100,25.4, 10.1016/S0022-2836(03)00203-1,ELISA,,25.0,A,H,L
1MHP,A_HL,Integrin-I,Neutralizing hu-FAB,"TH33E,GH53Q","H:T33E,H:G53Q",1.67,2.8,0.222,0.272,7.4,100,25.4, 10.1016/S0022-2836(03)00203-1,ELISA,,25.0,A,H,L
1MHP,A_HL,Integrin-I,Neutralizing hu-FAB,"TH33I,SH52T,GH53N,GH54N","H:T33I,H:S52T,H:G53N,H:G54N",1.91,2.8,0.222,0.272,7.4,100,25.4, 10.1016/S0022-2836(03)00203-1,ELISA,,25.0,A,H,L
1MHP,A_HL,Integrin-I,Neutralizing hu-FAB,"TH33I,SH52T,GH53Q,GH54F","H:T33I,H:S52T,H:G53Q,H:G54F",1.26,2.8,0.222,0.272,7.4,100,25.4, 10.1016/S0022-2836(03)00203-1,ELISA,,25.0,A,H,L
1MHP,A_HL,Integrin-I,Neutralizing hu-FAB,"TH33Q,GH54W","H:T33Q,H:G54W",8.0,2.8,0.222,0.272,7.4,100,25.4, 10.1016/S0022-2836(03)00203-1,ELISA,,25.0,A,H,L
1MHP,A_HL,Integrin-I,Neutralizing hu-FAB,"TH33S,GH53W","H:T33S,H:G53W",8.0,2.8,0.222,0.272,7.4,100,25.4, 10.1016/S0022-2836(03)00203-1,ELISA,,25.0,A,H,L
1MHP,A_HL,Integrin-I,Neutralizing hu-FAB,"TH50V,GH102S","H:T50V,H:G102S",1.67,2.8,0.222,0.272,7.4,100,25.4, 10.1016/S0022-2836(03)00203-1,ELISA,,25.0,A,H,L
1MHP,A_HL,Integrin-I,Neutralizing hu-FAB,"TH50V,KH64E","H:T50V,H:K64E",-0.36,2.8,0.222,0.272,7.4,100,25.4, 10.1016/S0022-2836(03)00203-1,ELISA,,25.0,A,H,L
1MHP,A_HL,Integrin-I,Neutralizing hu-FAB,"TH50V,KH64E,SL28Q,NL52E","H:T50V,H:K64E,L:S28Q,L:N52E",-1.24,2.8,0.222,0.272,7.4,100,25.4, 10.1016/S0022-2836(03)00203-1,ELISA,,25.0,A,H,L
1MHP,A_HL,Integrin-I,Neutralizing hu-FAB,"TH50V,KH64E,SL28Q,NL52Y","H:T50V,H:K64E,L:S28Q,L:N52Y",-1.04,2.8,0.222,0.272,7.4,100,25.4, 10.1016/S0022-2836(03)00203-1,ELISA,,25.0,A,H,L
1MHP,A_HL,Integrin-I,Neutralizing hu-FAB,"TH50V,SH35A","H:T50V,H:S35A",2.08,2.8,0.222,0.272,7.4,100,25.4, 10.1016/S0022-2836(03)00203-1,ELISA,,25.0,A,H,L
1MHP,A_HL,Integrin-I,Neutralizing hu-FAB,"TH50V,SH35V","H:T50V,H:S35V",2.73,2.8,0.222,0.272,7.4,100,25.4, 10.1016/S0022-2836(03)00203-1,ELISA,,25.0,A,H,L
1MHP,A_HL,Integrin-I,Neutralizing hu-FAB,"TH50V,SL28Q","H:T50V,L:S28Q",-0.69,2.8,0.222,0.272,7.4,100,25.4, 10.1016/S0022-2836(03)00203-1,ELISA,,25.0,A,H,L
1MHP,A_HL,Integrin-I,Neutralizing hu-FAB,"TH50V,SL28Q,NL52Y","H:T50V,L:S28Q,L:N52Y",-1.2,2.8,0.222,0.272,7.4,100,25.4, 10.1016/S0022-2836(03)00203-1,ELISA,,25.0,A,H,L
1MHP,A_HL,Integrin-I,Neutralizing hu-FAB,"YH58E,HH56N","H:Y58E,H:H56N",8.0,2.8,0.222,0.272,7.4,100,25.4, 10.1016/S0022-2836(03)00203-1,ELISA,,25.0,A,H,L
1MHP,A_HL,Integrin-I,Neutralizing hu-FAB,"YH58Q,HH56N","H:Y58Q,H:H56N",8.0,2.8,0.222,0.272,7.4,100,25.4, 10.1016/S0022-2836(03)00203-1,ELISA,,25.0,A,H,L
1MHP,A_HL,Integrin-I,Neutralizing hu-FAB,"NL30Y,SL91I","L:N30Y,L:S91I",0.43,2.8,0.222,0.272,7.4,100,25.4, 10.1016/S0022-2836(03)00203-1,ELISA,,25.0,A,H,L
1MHP,A_HL,Integrin-I,Neutralizing hu-FAB,"WL90Q,FL33Y","L:W90Q,L:F33Y",0.87,2.8,0.222,0.272,7.4,100,25.4, 10.1016/S0022-2836(03)00203-1,ELISA,,25.0,A,H,L
1MHP,A_HL,Integrin-I,Neutralizing hu-FAB,FH99W,H:F99W,0.0,2.8,0.222,0.272,7.4,100,25.4, 10.1016/S0022-2836(03)00203-1,ELISA,,25.0,A,H,L
1MHP,A_HL,Integrin-I,Neutralizing hu-FAB,FH99Y,H:F99Y,0.76,2.8,0.222,0.272,7.4,100,25.4, 10.1016/S0022-2836(03)00203-1,ELISA,,25.0,A,H,L
1MHP,A_HL,Integrin-I,Neutralizing hu-FAB,GH100F,H:G100F,0.57,2.8,0.222,0.272,7.4,100,25.4, 10.1016/S0022-2836(03)00203-1,ELISA,,25.0,A,H,L
1MHP,A_HL,Integrin-I,Neutralizing hu-FAB,GH100I,H:G100I,8.0,2.8,0.222,0.272,7.4,100,25.4, 10.1016/S0022-2836(03)00203-1,ELISA,,25.0,A,H,L
1MHP,A_HL,Integrin-I,Neutralizing hu-FAB,GH100L,H:G100L,2.73,2.8,0.222,0.272,7.4,100,25.4, 10.1016/S0022-2836(03)00203-1,ELISA,,25.0,A,H,L
1MHP,A_HL,Integrin-I,Neutralizing hu-FAB,GH100M,H:G100M,0.1,2.8,0.222,0.272,7.4,100,25.4, 10.1016/S0022-2836(03)00203-1,ELISA,,25.0,A,H,L
1MHP,A_HL,Integrin-I,Neutralizing hu-FAB,GH100S,H:G100S,0.56,2.8,0.222,0.272,7.4,100,25.4, 10.1016/S0022-2836(03)00203-1,ELISA,,25.0,A,H,L
1MHP,A_HL,Integrin-I,Neutralizing hu-FAB,GH100V,H:G100V,8.0,2.8,0.222,0.272,7.4,100,25.4, 10.1016/S0022-2836(03)00203-1,ELISA,,25.0,A,H,L
1MHP,A_HL,Integrin-I,Neutralizing hu-FAB,GH102S,H:G102S,8.0,2.8,0.222,0.272,7.4,100,25.4, 10.1016/S0022-2836(03)00203-1,ELISA,,25.0,A,H,L
1MHP,A_HL,Integrin-I,Neutralizing hu-FAB,GH53A,H:G53A,0.51,2.8,0.222,0.272,7.4,100,25.4, 10.1016/S0022-2836(03)00203-1,ELISA,,25.0,A,H,L
1MHP,A_HL,Integrin-I,Neutralizing hu-FAB,GH53N,H:G53N,1.26,2.8,0.222,0.272,7.4,100,25.4, 10.1016/S0022-2836(03)00203-1,ELISA,,25.0,A,H,L
1MHP,A_HL,Integrin-I,Neutralizing hu-FAB,GH53Q,H:G53Q,8.0,2.8,0.222,0.272,7.4,100,25.4, 10.1016/S0022-2836(03)00203-1,ELISA,,25.0,A,H,L
1MHP,A_HL,Integrin-I,Neutralizing hu-FAB,GH53S,H:G53S,0.68,2.8,0.222,0.272,7.4,100,25.4, 10.1016/S0022-2836(03)00203-1,ELISA,,25.0,A,H,L
1MHP,A_HL,Integrin-I,Neutralizing hu-FAB,GH53W,H:G53W,8.0,2.8,0.222,0.272,7.4,100,25.4, 10.1016/S0022-2836(03)00203-1,ELISA,,25.0,A,H,L
1MHP,A_HL,Integrin-I,Neutralizing hu-FAB,GH54I,H:G54I,1.36,2.8,0.222,0.272,7.4,100,25.4, 10.1016/S0022-2836(03)00203-1,ELISA,,25.0,A,H,L
1MHP,A_HL,Integrin-I,Neutralizing hu-FAB,GH54M,H:G54M,8.0,2.8,0.222,0.272,7.4,100,25.4, 10.1016/S0022-2836(03)00203-1,ELISA,,25.0,A,H,L
1MHP,A_HL,Integrin-I,Neutralizing hu-FAB,GH54N,H:G54N,8.0,2.8,0.222,0.272,7.4,100,25.4, 10.1016/S0022-2836(03)00203-1,ELISA,,25.0,A,H,L
1MHP,A_HL,Integrin-I,Neutralizing hu-FAB,GH54T,H:G54T,1.17,2.8,0.222,0.272,7.4,100,25.4, 10.1016/S0022-2836(03)00203-1,ELISA,,25.0,A,H,L
1MHP,A_HL,Integrin-I,Neutralizing hu-FAB,GH54Y,H:G54Y,0.0,2.8,0.222,0.272,7.4,100,25.4, 10.1016/S0022-2836(03)00203-1,ELISA,,25.0,A,H,L
1MHP,A_HL,Integrin-I,Neutralizing hu-FAB,HH56Y,H:H56Y,8.0,2.8,0.222,0.272,7.4,100,25.4, 10.1016/S0022-2836(03)00203-1,ELISA,,25.0,A,H,L
1MHP,A_HL,Integrin-I,Neutralizing hu-FAB,KH64D,H:K64D,-0.12,2.8,0.222,0.272,7.4,100,25.4, 10.1016/S0022-2836(03)00203-1,ELISA,,25.0,A,H,L
1MHP,A_HL,Integrin-I,Neutralizing hu-FAB,KH64E,H:K64E,-0.16,2.8,0.222,0.272,7.4,100,25.4, 10.1016/S0022-2836(03)00203-1,ELISA,,25.0,A,H,L
1MHP,A_HL,Integrin-I,Neutralizing hu-FAB,KH64N,H:K64N,-0.07,2.8,0.222,0.272,7.4,100,25.4, 10.1016/S0022-2836(03)00203-1,ELISA,,25.0,A,H,L
1MHP,A_HL,Integrin-I,Neutralizing hu-FAB,KH64Q,H:K64Q,-0.16,2.8,0.222,0.272,7.4,100,25.4, 10.1016/S0022-2836(03)00203-1,ELISA,,25.0,A,H,L
1MHP,A_HL,Integrin-I,Neutralizing hu-FAB,LH60D,H:L60D,-0.12,2.8,0.222,0.272,7.4,100,25.4, 10.1016/S0022-2836(03)00203-1,ELISA,,25.0,A,H,L
1MHP,A_HL,Integrin-I,Neutralizing hu-FAB,RH31Q,H:R31Q,1.31,2.8,0.222,0.272,7.4,100,25.4, 10.1016/S0022-2836(03)00203-1,ELISA,,25.0,A,H,L
1MHP,A_HL,Integrin-I,Neutralizing hu-FAB,SH35A,H:S35A,1.58,2.8,0.222,0.272,7.4,100,25.4, 10.1016/S0022-2836(03)00203-1,ELISA,,25.0,A,H,L
1MHP,A_HL,Integrin-I,Neutralizing hu-FAB,SH35Q,H:S35Q,2.73,2.8,0.222,0.272,7.4,100,25.4, 10.1016/S0022-2836(03)00203-1,ELISA,,25.0,A,H,L
1MHP,A_HL,Integrin-I,Neutralizing hu-FAB,SH35V,H:S35V,8.0,2.8,0.222,0.272,7.4,100,25.4, 10.1016/S0022-2836(03)00203-1,ELISA,,25.0,A,H,L
1MHP,A_HL,Integrin-I,Neutralizing hu-FAB,SH52M,H:S52M,2.08,2.8,0.222,0.272,7.4,100,25.4, 10.1016/S0022-2836(03)00203-1,ELISA,,25.0,A,H,L
1MHP,A_HL,Integrin-I,Neutralizing hu-FAB,SH52T,H:S52T,8.0,2.8,0.222,0.272,7.4,100,25.4, 10.1016/S0022-2836(03)00203-1,ELISA,,25.0,A,H,L
1MHP,A_HL,Integrin-I,Neutralizing hu-FAB,TH33N,H:T33N,2.73,2.8,0.222,0.272,7.4,100,25.4, 10.1016/S0022-2836(03)00203-1,ELISA,,25.0,A,H,L
1MHP,A_HL,Integrin-I,Neutralizing hu-FAB,TH33Q,H:T33Q,8.0,2.8,0.222,0.272,7.4,100,25.4, 10.1016/S0022-2836(03)00203-1,ELISA,,25.0,A,H,L
1MHP,A_HL,Integrin-I,Neutralizing hu-FAB,TH33V,H:T33V,0.43,2.8,0.222,0.272,7.4,100,25.4, 10.1016/S0022-2836(03)00203-1,ELISA,,25.0,A,H,L
1MHP,A_HL,Integrin-I,Neutralizing hu-FAB,TH50E,H:T50E,8.0,2.8,0.222,0.272,7.4,100,25.4, 10.1016/S0022-2836(03)00203-1,ELISA,,25.0,A,H,L
1MHP,A_HL,Integrin-I,Neutralizing hu-FAB,TH50Q,H:T50Q,8.0,2.8,0.222,0.272,7.4,100,25.4, 10.1016/S0022-2836(03)00203-1,ELISA,,25.0,A,H,L
1MHP,A_HL,Integrin-I,Neutralizing hu-FAB,TH50V,H:T50V,-0.26,2.8,0.222,0.272,7.4,100,25.4, 10.1016/S0022-2836(03)00203-1,ELISA,,25.0,A,H,L
1MHP,A_HL,Integrin-I,Neutralizing hu-FAB,YH58E,H:Y58E,2.08,2.8,0.222,0.272,7.4,100,25.4, 10.1016/S0022-2836(03)00203-1,ELISA,,25.0,A,H,L
1MHP,A_HL,Integrin-I,Neutralizing hu-FAB,YH58Q,H:Y58Q,2.08,2.8,0.222,0.272,7.4,100,25.4, 10.1016/S0022-2836(03)00203-1,ELISA,,25.0,A,H,L
1MHP,A_HL,Integrin-I,Neutralizing hu-FAB,YH58W,H:Y58W,0.82,2.8,0.222,0.272,7.4,100,25.4, 10.1016/S0022-2836(03)00203-1,ELISA,,25.0,A,H,L
1MHP,A_HL,Integrin-I,Neutralizing hu-FAB,YH59E,H:Y59E,0.54,2.8,0.222,0.272,7.4,100,25.4, 10.1016/S0022-2836(03)00203-1,ELISA,,25.0,A,H,L
1MHP,A_HL,Integrin-I,Neutralizing hu-FAB,GL92Q,L:G92Q,1.58,2.8,0.222,0.272,7.4,100,25.4, 10.1016/S0022-2836(03)00203-1,ELISA,,25.0,A,H,L
1MHP,A_HL,Integrin-I,Neutralizing hu-FAB,GL92S,L:G92S,0.51,2.8,0.222,0.272,7.4,100,25.4, 10.1016/S0022-2836(03)00203-1,ELISA,,25.0,A,H,L
1MHP,A_HL,Integrin-I,Neutralizing hu-FAB,HL31K,L:H31K,1.17,2.8,0.222,0.272,7.4,100,25.4, 10.1016/S0022-2836(03)00203-1,ELISA,,25.0,A,H,L
1MHP,A_HL,Integrin-I,Neutralizing hu-FAB,HL31R,L:H31R,1.12,2.8,0.222,0.272,7.4,100,25.4, 10.1016/S0022-2836(03)00203-1,ELISA,,25.0,A,H,L
1MHP,A_HL,Integrin-I,Neutralizing hu-FAB,HL31W,L:H31W,1.26,2.8,0.222,0.272,7.4,100,25.4, 10.1016/S0022-2836(03)00203-1,ELISA,,25.0,A,H,L
1MHP,A_HL,Integrin-I,Neutralizing hu-FAB,LL49F,L:L49F,0.71,2.8,0.222,0.272,7.4,100,25.4, 10.1016/S0022-2836(03)00203-1,ELISA,,25.0,A,H,L
1MHP,A_HL,Integrin-I,Neutralizing hu-FAB,LL49K,L:L49K,0.93,2.8,0.222,0.272,7.4,100,25.4, 10.1016/S0022-2836(03)00203-1,ELISA,,25.0,A,H,L
1MHP,A_HL,Integrin-I,Neutralizing hu-FAB,LL49W,L:L49W,1.91,2.8,0.222,0.272,7.4,100,25.4, 10.1016/S0022-2836(03)00203-1,ELISA,,25.0,A,H,L
1MHP,A_HL,Integrin-I,Neutralizing hu-FAB,LL49Y,L:L49Y,8.0,2.8,0.222,0.272,7.4,100,25.4, 10.1016/S0022-2836(03)00203-1,ELISA,,25.0,A,H,L
1MHP,A_HL,Integrin-I,Neutralizing hu-FAB,NL30K,L:N30K,8.0,2.8,0.222,0.272,7.4,100,25.4, 10.1016/S0022-2836(03)00203-1,ELISA,,25.0,A,H,L
1MHP,A_HL,Integrin-I,Neutralizing hu-FAB,NL30V,L:N30V,1.05,2.8,0.222,0.272,7.4,100,25.4, 10.1016/S0022-2836(03)00203-1,ELISA,,25.0,A,H,L
1MHP,A_HL,Integrin-I,Neutralizing hu-FAB,NL30W,L:N30W,1.58,2.8,0.222,0.272,7.4,100,25.4, 10.1016/S0022-2836(03)00203-1,ELISA,,25.0,A,H,L
1MHP,A_HL,Integrin-I,Neutralizing hu-FAB,NL30Y,L:N30Y,1.91,2.8,0.222,0.272,7.4,100,25.4, 10.1016/S0022-2836(03)00203-1,ELISA,,25.0,A,H,L
1MHP,A_HL,Integrin-I,Neutralizing hu-FAB,NL52D,L:N52D,0.5,2.8,0.222,0.272,7.4,100,25.4, 10.1016/S0022-2836(03)00203-1,ELISA,,25.0,A,H,L
1MHP,A_HL,Integrin-I,Neutralizing hu-FAB,NL52E,L:N52E,-0.18,2.8,0.222,0.272,7.4,100,25.4, 10.1016/S0022-2836(03)00203-1,ELISA,,25.0,A,H,L
1MHP,A_HL,Integrin-I,Neutralizing hu-FAB,NL52K,L:N52K,0.66,2.8,0.222,0.272,7.4,100,25.4, 10.1016/S0022-2836(03)00203-1,ELISA,,25.0,A,H,L
1MHP,A_HL,Integrin-I,Neutralizing hu-FAB,NL52R,L:N52R,0.85,2.8,0.222,0.272,7.4,100,25.4, 10.1016/S0022-2836(03)00203-1,ELISA,,25.0,A,H,L
1MHP,A_HL,Integrin-I,Neutralizing hu-FAB,NL52Y,L:N52Y,-0.1,2.8,0.222,0.272,7.4,100,25.4, 10.1016/S0022-2836(03)00203-1,ELISA,,25.0,A,H,L
1MHP,A_HL,Integrin-I,Neutralizing hu-FAB,NL93D,L:N93D,8.0,2.8,0.222,0.272,7.4,100,25.4, 10.1016/S0022-2836(03)00203-1,ELISA,,25.0,A,H,L
1MHP,A_HL,Integrin-I,Neutralizing hu-FAB,SL24R,L:S24R,-0.07,2.8,0.222,0.272,7.4,100,25.4, 10.1016/S0022-2836(03)00203-1,ELISA,,25.0,A,H,L
1MHP,A_HL,Integrin-I,Neutralizing hu-FAB,SL28Q,L:S28Q,-0.67,2.8,0.222,0.272,7.4,100,25.4, 10.1016/S0022-2836(03)00203-1,ELISA,,25.0,A,H,L
1MHP,A_HL,Integrin-I,Neutralizing hu-FAB,SL91K,L:S91K,8.0,2.8,0.222,0.272,7.4,100,25.4, 10.1016/S0022-2836(03)00203-1,ELISA,,25.0,A,H,L
1MHP,A_HL,Integrin-I,Neutralizing hu-FAB,SL91Q,L:S91Q,1.78,2.8,0.222,0.272,7.4,100,25.4, 10.1016/S0022-2836(03)00203-1,ELISA,,25.0,A,H,L
1MHP,A_HL,Integrin-I,Neutralizing hu-FAB,SL91R,L:S91R,2.73,2.8,0.222,0.272,7.4,100,25.4, 10.1016/S0022-2836(03)00203-1,ELISA,,25.0,A,H,L
1MHP,A_HL,Integrin-I,Neutralizing hu-FAB,SL91T,L:S91T,2.32,2.8,0.222,0.272,7.4,100,25.4, 10.1016/S0022-2836(03)00203-1,ELISA,,25.0,A,H,L
1MHP,A_HL,Integrin-I,Neutralizing hu-FAB,SL91W,L:S91W,8.0,2.8,0.222,0.272,7.4,100,25.4, 10.1016/S0022-2836(03)00203-1,ELISA,,25.0,A,H,L
1MHP,A_HL,Integrin-I,Neutralizing hu-FAB,WL90Q,L:W90Q,2.08,2.8,0.222,0.272,7.4,100,25.4, 10.1016/S0022-2836(03)00203-1,ELISA,,25.0,A,H,L
1MLC,E_HL,D44.1 Fab,Lysozyme,"SH57V,TH58D","H:S57V,H:T58D",-0.99,2.5,0.184,0.282,na,na,31.62, 10.1016/0022-2836(94)90046-9,Yeast Disp. Flow Cyt,7.3_7.5,25.0,E,H,L
1MLC,E_HL,D44.1 Fab,Lysozyme,"SH57V,TH58D,NL32G,NL92A","H:S57V,H:T58D,L:N32G,L:N92A",-1.74,2.5,0.184,0.282,na,na,31.62, 10.1016/0022-2836(94)90046-9,Yeast Disp. Flow Cyt,7.3_7.5,25.0,E,H,L
1MLC,E_HL,D44.1 Fab,Lysozyme,"SH57V,TH58D,NL92A","H:S57V,H:T58D,L:N92A",-2.4,2.5,0.184,0.282,na,na,31.62, 10.1016/0022-2836(94)90046-9,Yeast Disp. Flow Cyt,7.3_7.5,25.0,E,H,L
1MLC,E_HL,D44.1 Fab,Lysozyme,"TH28D,EH35S,SH57V,TH58D,GH99D,NL92A","H:T28D,H:E35S,H:S57V,H:T58D,H:G99D,L:N92A",-2.95,2.5,0.184,0.282,na,na,31.62, 10.1016/0022-2836(94)90046-9,Yeast Disp. Flow Cyt,7.3_7.5,25.0,E,H,L
1MLC,E_HL,D44.1 Fab,Lysozyme,"TH28D,EH35S,SH57V,TH58D,NL92A","H:T28D,H:E35S,H:S57V,H:T58D,L:N92A",1.91,2.5,0.184,0.282,na,na,31.62, 10.1016/0022-2836(94)90046-9,Yeast Disp. Flow Cyt,7.3_7.5,25.0,E,H,L
1MLC,E_HL,D44.1 Fab,Lysozyme,"TH28D,SH30G,SH57V,TH58D,NL92A","H:T28D,H:S30G,H:S57V,H:T58D,L:N92A",-2.36,2.5,0.184,0.282,na,na,31.62, 10.1016/0022-2836(94)90046-9,Yeast Disp. Flow Cyt,7.3_7.5,25.0,E,H,L
1MLC,E_HL,D44.1 Fab,Lysozyme,"TH28D,SH57V,TH58D,GH99D,NL92A","H:T28D,H:S57V,H:T58D,H:G99D,L:N92A",-0.2,2.5,0.184,0.282,na,na,31.62, 10.1016/0022-2836(94)90046-9,Yeast Disp. Flow Cyt,7.3_7.5,25.0,E,H,L
1MLC,E_HL,D44.1 Fab,Lysozyme,"TH28D,SH57V,TH58D,RH98M,DH100Q,NL92A","H:T28D,H:S57V,H:T58D,H:R98M,H:D100Q,L:N92A",-0.41,2.5,0.184,0.282,na,na,31.62, 10.1016/0022-2836(94)90046-9,Yeast Disp. Flow Cyt,7.3_7.5,25.0,E,H,L
1MLC,E_HL,D44.1 Fab,Lysozyme,"TH28D,SH57V,TH58D,YH59E,NL92A","H:T28D,H:S57V,H:T58D,H:Y59E,L:N92A",-1.47,2.5,0.184,0.282,na,na,31.62, 10.1016/0022-2836(94)90046-9,Yeast Disp. Flow Cyt,7.3_7.5,25.0,E,H,L
1MLC,E_HL,D44.1 Fab,Lysozyme,"TH28D,SH57V,TH58D,NL32L,NL92A","H:T28D,H:S57V,H:T58D,L:N32L,L:N92A",-2.59,2.5,0.184,0.282,na,na,31.62, 10.1016/0022-2836(94)90046-9,Yeast Disp. Flow Cyt,7.3_7.5,25.0,E,H,L
1MLC,E_HL,D44.1 Fab,Lysozyme,"TH28D,SH57V,TH58D,NL92A","H:T28D,H:S57V,H:T58D,L:N92A",-2.74,2.5,0.184,0.282,na,na,31.62, 10.1016/0022-2836(94)90046-9,Yeast Disp. Flow Cyt,7.3_7.5,25.0,E,H,L
1MLC,E_HL,D44.1 Fab,Lysozyme,"TH28D,SH57V,TH58D,SL91N,NL92A","H:T28D,H:S57V,H:T58D,L:S91N,L:N92A",1.78,2.5,0.184,0.282,na,na,31.62, 10.1016/0022-2836(94)90046-9,Yeast Disp. Flow Cyt,7.3_7.5,25.0,E,H,L
1MLC,E_HL,D44.1 Fab,Lysozyme,"TH28D,SH57V,TH58D,SL91N,NL92A,SL93A","H:T28D,H:S57V,H:T58D,L:S91N,L:N92A,L:S93A",-1.61,2.5,0.184,0.282,na,na,31.62, 10.1016/0022-2836(94)90046-9,Yeast Disp. Flow Cyt,7.3_7.5,25.0,E,H,L
1MLC,E_HL,D44.1 Fab,Lysozyme,"TH28D,YH32R,SH57V,TH58D,RH98S,NL92A","H:T28D,H:Y32R,H:S57V,H:T58D,H:R98S,L:N92A",1.78,2.5,0.184,0.282,na,na,31.62, 10.1016/0022-2836(94)90046-9,Yeast Disp. Flow Cyt,7.3_7.5,25.0,E,H,L
1MLC,E_HL,D44.1 Fab,Lysozyme,"TH28D,YH32W,SH57V,TH58D,RH98V,DH100Q,NL92A","H:T28D,H:Y32W,H:S57V,H:T58D,H:R98V,H:D100Q,L:N92A",0.41,2.5,0.184,0.282,na,na,31.62, 10.1016/0022-2836(94)90046-9,Yeast Disp. Flow Cyt,7.3_7.5,25.0,E,H,L
1MLC,E_HL,D44.1 Fab,Lysozyme,"NL32G,NL92A","L:N32G,L:N92A",-0.69,2.5,0.184,0.282,na,na,31.62, 10.1016/0022-2836(94)90046-9,Yeast Disp. Flow Cyt,7.3_7.5,25.0,E,H,L
1MLC,E_HL,D44.1 Fab,Lysozyme,KH65D,H:K65D,0.02,2.5,0.184,0.282,na,na,31.62, 10.1016/0022-2836(94)90046-9,Yeast Disp. Flow Cyt,7.3_7.5,25.0,E,H,L
1MLC,E_HL,D44.1 Fab,Lysozyme,SH57A,H:S57A,-0.38,2.5,0.184,0.282,na,na,31.62, 10.1016/0022-2836(94)90046-9,Yeast Disp. Flow Cyt,7.3_7.5,25.0,E,H,L
1MLC,E_HL,D44.1 Fab,Lysozyme,SH57V,H:S57V,-0.49,2.5,0.184,0.282,na,na,31.62, 10.1016/0022-2836(94)90046-9,Yeast Disp. Flow Cyt,7.3_7.5,25.0,E,H,L
1MLC,E_HL,D44.1 Fab,Lysozyme,TH28D,H:T28D,-0.15,2.5,0.184,0.282,na,na,31.62, 10.1016/0022-2836(94)90046-9,Yeast Disp. Flow Cyt,7.3_7.5,25.0,E,H,L
1MLC,E_HL,D44.1 Fab,Lysozyme,TH31A,H:T31A,0.45,2.5,0.184,0.282,na,na,31.62, 10.1016/0022-2836(94)90046-9,Yeast Disp. Flow Cyt,7.3_7.5,25.0,E,H,L
1MLC,E_HL,D44.1 Fab,Lysozyme,TH31V,H:T31V,0.53,2.5,0.184,0.282,na,na,31.62, 10.1016/0022-2836(94)90046-9,Yeast Disp. Flow Cyt,7.3_7.5,25.0,E,H,L
1MLC,E_HL,D44.1 Fab,Lysozyme,TH31W,H:T31W,0.13,2.5,0.184,0.282,na,na,31.62, 10.1016/0022-2836(94)90046-9,Yeast Disp. Flow Cyt,7.3_7.5,25.0,E,H,L
1MLC,E_HL,D44.1 Fab,Lysozyme,TH58D,H:T58D,-0.56,2.5,0.184,0.282,na,na,31.62, 10.1016/0022-2836(94)90046-9,Yeast Disp. Flow Cyt,7.3_7.5,25.0,E,H,L
1MLC,E_HL,D44.1 Fab,Lysozyme,NL32G,L:N32G,-0.85,2.5,0.184,0.282,na,na,31.62, 10.1016/0022-2836(94)90046-9,Yeast Disp. Flow Cyt,7.3_7.5,25.0,E,H,L
1MLC,E_HL,D44.1 Fab,Lysozyme,NL32Y,L:N32Y,0.0,2.5,0.184,0.282,na,na,31.62, 10.1016/0022-2836(94)90046-9,Yeast Disp. Flow Cyt,7.3_7.5,25.0,E,H,L
1MLC,E_HL,D44.1 Fab,Lysozyme,NL92A,L:N92A,-1.25,2.5,0.184,0.282,na,na,31.62, 10.1016/0022-2836(94)90046-9,Yeast Disp. Flow Cyt,7.3_7.5,25.0,E,H,L
1N8Z,C_HL,hu-HER2,Herceptin (fab),"WH99A,YH105A","H:W95A,H:Y100aA",8.0,2.52,0.222,0.284,6.5,110,14.17, 10.1038/NATURE01392,SPR,7.5,25.0,C,H,L
1N8Z,C_HL,hu-HER2,Herceptin (fab),"HL91A,YH105A","L:H91A,H:Y100aA",8.0,2.52,0.222,0.284,6.5,110,14.17, 10.1038/NATURE01392,SPR,7.5,25.0,C,H,L
1N8Z,C_HL,hu-HER2,Herceptin (fab),"NL30S,HL91F,YL92W","L:N30S,L:H91F,L:Y92W",-0.07,2.52,0.222,0.284,6.5,110,14.17, 10.1038/NATURE01392,SPR,7.5,25.0,C,H,L
1N8Z,C_HL,hu-HER2,Herceptin (fab),"NL30S,HL91F,YL92W,TL94S,DH102W,YH105F,YH109V","L:N30S,L:H91F,L:Y92W,L:T94S,H:D98W,H:Y100aF,H:Y102V",0.05,2.52,0.222,0.284,6.5,110,14.17, 10.1038/NATURE01392,SPR,7.5,25.0,C,H,L
1N8Z,C_HL,hu-HER2,Herceptin (fab),DH31A,H:D31A,0.25,2.52,0.222,0.284,6.5,110,14.17, 10.1038/NATURE01392,SPR,7.5,25.0,C,H,L
1N8Z,C_HL,hu-HER2,Herceptin (fab),DH102A,H:D98A,1.21,2.52,0.222,0.284,6.5,110,14.17, 10.1038/NATURE01392,SPR,7.5,25.0,C,H,L
1N8Z,C_HL,hu-HER2,Herceptin (fab),DH102W,H:D98W,-0.69,2.52,0.222,0.284,6.5,110,14.17, 10.1038/NATURE01392,SPR,7.5,25.0,C,H,L
1N8Z,C_HL,hu-HER2,Herceptin (fab),FH104A,H:F100A,1.17,2.52,0.222,0.284,6.5,110,14.17, 10.1038/NATURE01392,SPR,7.5,25.0,C,H,L
1N8Z,C_HL,hu-HER2,Herceptin (fab),KH30A,H:K30A,0.61,2.52,0.222,0.284,6.5,110,14.17, 10.1038/NATURE01392,SPR,7.5,25.0,C,H,L
1N8Z,C_HL,hu-HER2,Herceptin (fab),NH55A,H:N54A,-0.15,2.52,0.222,0.284,6.5,110,14.17, 10.1038/NATURE01392,SPR,7.5,25.0,C,H,L
1N8Z,C_HL,hu-HER2,Herceptin (fab),RH50A,H:R50A,8.0,2.52,0.222,0.284,6.5,110,14.17, 10.1038/NATURE01392,SPR,7.5,25.0,C,H,L
1N8Z,C_HL,hu-HER2,Herceptin (fab),TH32A,H:T32A,0.38,2.52,0.222,0.284,6.5,110,14.17, 10.1038/NATURE01392,SPR,7.5,25.0,C,H,L
1N8Z,C_HL,hu-HER2,Herceptin (fab),TH54A,H:T53A,0.78,2.52,0.222,0.284,6.5,110,14.17, 10.1038/NATURE01392,SPR,7.5,25.0,C,H,L
1N8Z,C_HL,hu-HER2,Herceptin (fab),WH99A,H:W95A,8.0,2.52,0.222,0.284,6.5,110,14.17, 10.1038/NATURE01392,SPR,7.5,25.0,C,H,L
1N8Z,C_HL,hu-HER2,Herceptin (fab),YH105A,H:Y100aA,8.0,2.52,0.222,0.284,6.5,110,14.17, 10.1038/NATURE01392,SPR,7.5,25.0,C,H,L
1N8Z,C_HL,hu-HER2,Herceptin (fab),YH105F,H:Y100aF,-0.05,2.52,0.222,0.284,6.5,110,14.17, 10.1038/NATURE01392,SPR,7.5,25.0,C,H,L
1N8Z,C_HL,hu-HER2,Herceptin (fab),YH105F,H:Y100aF,0.82,2.52,0.222,0.284,6.5,110,14.17, 10.1038/NATURE01392,SPR,7.5,25.0,C,H,L
1N8Z,C_HL,hu-HER2,Herceptin (fab),YH109V,H:Y102V,0.22,2.52,0.222,0.284,6.5,110,14.17, 10.1038/NATURE01392,SPR,7.5,25.0,C,H,L
1N8Z,C_HL,hu-HER2,Herceptin (fab),YH33A,H:Y33A,-0.09,2.52,0.222,0.284,6.5,110,14.17, 10.1038/NATURE01392,SPR,7.5,25.0,C,H,L
1N8Z,C_HL,hu-HER2,Herceptin (fab),YH52A,H:Y52A,0.23,2.52,0.222,0.284,6.5,110,14.17, 10.1038/NATURE01392,SPR,7.5,25.0,C,H,L
1N8Z,C_HL,hu-HER2,Herceptin (fab),YH57A,H:Y56A,0.87,2.52,0.222,0.284,6.5,110,14.17, 10.1038/NATURE01392,SPR,7.5,25.0,C,H,L
1N8Z,C_HL,hu-HER2,Herceptin (fab),DL28N,L:D28N,-0.28,2.52,0.222,0.284,6.5,110,14.17, 10.1038/NATURE01392,SPR,7.5,25.0,C,H,L
1N8Z,C_HL,hu-HER2,Herceptin (fab),FL53N,L:F53N,1.21,2.52,0.222,0.284,6.5,110,14.17, 10.1038/NATURE01392,SPR,7.5,25.0,C,H,L
1N8Z,C_HL,hu-HER2,Herceptin (fab),HL91A,L:H91A,8.0,2.52,0.222,0.284,6.5,110,14.17, 10.1038/NATURE01392,SPR,7.5,25.0,C,H,L
1N8Z,C_HL,hu-HER2,Herceptin (fab),HL91F,L:H91F,-0.43,2.52,0.222,0.284,6.5,110,14.17, 10.1038/NATURE01392,SPR,7.5,25.0,C,H,L
1N8Z,C_HL,hu-HER2,Herceptin (fab),HL91F,L:H91F,0.03,2.52,0.222,0.284,6.5,110,14.17, 10.1038/NATURE01392,SPR,7.5,25.0,C,H,L
1N8Z,C_HL,hu-HER2,Herceptin (fab),NL30A,L:N30A,1.12,2.52,0.222,0.284,6.5,110,14.17, 10.1038/NATURE01392,SPR,7.5,25.0,C,H,L
1N8Z,C_HL,hu-HER2,Herceptin (fab),NL30S,L:N30S,0.06,2.52,0.222,0.284,6.5,110,14.17, 10.1038/NATURE01392,SPR,7.5,25.0,C,H,L
1N8Z,C_HL,hu-HER2,Herceptin (fab),RL66G,L:R66G,0.22,2.52,0.222,0.284,6.5,110,14.17, 10.1038/NATURE01392,SPR,7.5,25.0,C,H,L
1N8Z,C_HL,hu-HER2,Herceptin (fab),SL50A,L:S50A,-0.07,2.52,0.222,0.284,6.5,110,14.17, 10.1038/NATURE01392,SPR,7.5,25.0,C,H,L
1N8Z,C_HL,hu-HER2,Herceptin (fab),SL52A,L:S52A,-0.31,2.52,0.222,0.284,6.5,110,14.17, 10.1038/NATURE01392,SPR,7.5,25.0,C,H,L
1N8Z,C_HL,hu-HER2,Herceptin (fab),TL31A,L:T31A,0.8,2.52,0.222,0.284,6.5,110,14.17, 10.1038/NATURE01392,SPR,7.5,25.0,C,H,L
1N8Z,C_HL,hu-HER2,Herceptin (fab),TL93A,L:T93A,0.82,2.52,0.222,0.284,6.5,110,14.17, 10.1038/NATURE01392,SPR,7.5,25.0,C,H,L
1N8Z,C_HL,hu-HER2,Herceptin (fab),TL94A,L:T94A,-0.12,2.52,0.222,0.284,6.5,110,14.17, 10.1038/NATURE01392,SPR,7.5,25.0,C,H,L
1N8Z,C_HL,hu-HER2,Herceptin (fab),TL94S,L:T94S,0.31,2.52,0.222,0.284,6.5,110,14.17, 10.1038/NATURE01392,SPR,7.5,25.0,C,H,L
1N8Z,C_HL,hu-HER2,Herceptin (fab),YL49A,L:Y49A,1.05,2.52,0.222,0.284,6.5,110,14.17, 10.1038/NATURE01392,SPR,7.5,25.0,C,H,L
1N8Z,C_HL,hu-HER2,Herceptin (fab),YL92A,L:Y92A,1.36,2.52,0.222,0.284,6.5,110,14.17, 10.1038/NATURE01392,SPR,7.5,25.0,C,H,L
1N8Z,C_HL,hu-HER2,Herceptin (fab),YL92F,L:Y92F,-0.21,2.52,0.222,0.284,6.5,110,14.17, 10.1038/NATURE01392,SPR,7.5,25.0,C,H,L
1VFB,C_HL,IGG1-Kappa D1.3 FV,Lysozyme,"DH100A,SC24A","H:D100A,C:S24A",3.4,1.8,0.185,na,na,na,2.61, 10.1073/PNAS.91.3.1089,SPR,7.5,25.0,C,H,L
1VFB,C_HL,IGG1-Kappa D1.3 FV,Lysozyme,"DH54A,TC118A","H:D54A,C:T118A",1.2,1.8,0.185,na,na,na,2.61, 10.1073/PNAS.91.3.1089,SPR,7.5,25.0,C,H,L
1VFB,C_HL,IGG1-Kappa D1.3 FV,Lysozyme,"WH52A,DC119A","H:W52A,C:D119A",2.2,1.8,0.185,na,na,na,2.61, 10.1073/PNAS.91.3.1089,SPR,7.5,25.0,C,H,L
1VFB,C_HL,IGG1-Kappa D1.3 FV,Lysozyme,"YH101F,DC119A","H:Y101F,C:D119A",2.7,1.8,0.185,na,na,na,2.61, 10.1073/PNAS.91.3.1089,SPR,7.5,25.0,C,H,L
1VFB,C_HL,IGG1-Kappa D1.3 FV,Lysozyme,"YH101F,VC120A","H:Y101F,C:V120A",2.5,1.8,0.185,na,na,na,2.61, 10.1073/PNAS.91.3.1089,SPR,7.5,25.0,C,H,L
1VFB,C_HL,IGG1-Kappa D1.3 FV,Lysozyme,"YH32A,KC116A","H:Y32A,C:K116A",1.6,1.8,0.185,na,na,na,2.61, 10.1073/PNAS.91.3.1089,SPR,7.5,25.0,C,H,L
1VFB,C_HL,IGG1-Kappa D1.3 FV,Lysozyme,"WL92A,IC124A","L:W92A,C:I124A",3.8,1.8,0.185,na,na,na,2.61, 10.1073/PNAS.91.3.1089,SPR,7.5,25.0,C,H,L
1VFB,C_HL,IGG1-Kappa D1.3 FV,Lysozyme,"WL92A,LC129A","L:W92A,C:L129A",3.3,1.8,0.185,na,na,na,2.61, 10.1073/PNAS.91.3.1089,SPR,7.5,25.0,C,H,L
1VFB,C_HL,IGG1-Kappa D1.3 FV,Lysozyme,"WL92A,QC121A","L:W92A,C:Q121A",3.5,1.8,0.185,na,na,na,2.61, 10.1073/PNAS.91.3.1089,SPR,7.5,25.0,C,H,L
1VFB,C_HL,IGG1-Kappa D1.3 FV,Lysozyme,"WL92A,RC125A","L:W92A,C:R125A",3.4,1.8,0.185,na,na,na,2.61, 10.1073/PNAS.91.3.1089,SPR,7.5,25.0,C,H,L
1VFB,C_HL,IGG1-Kappa D1.3 FV,Lysozyme,"YL32A,IC124A","L:Y32A,C:I124A",2.9,1.8,0.185,na,na,na,2.61, 10.1073/PNAS.91.3.1089,SPR,7.5,25.0,C,H,L
1VFB,C_HL,IGG1-Kappa D1.3 FV,Lysozyme,"YL32A,QC121A","L:Y32A,C:Q121A",2.6,1.8,0.185,na,na,na,2.61, 10.1073/PNAS.91.3.1089,SPR,7.5,25.0,C,H,L
1VFB,C_HL,IGG1-Kappa D1.3 FV,Lysozyme,"YL50A,DC119A","L:Y50A,C:D119A",1.2,1.8,0.185,na,na,na,2.61, 10.1073/PNAS.91.3.1089,SPR,7.5,25.0,C,H,L
1VFB,C_HL,IGG1-Kappa D1.3 FV,Lysozyme,"YL50A,DC18A","L:Y50A,C:D18A",1.3,1.8,0.185,na,na,na,2.61, 10.1073/PNAS.91.3.1089,SPR,7.5,25.0,C,H,L
1VFB,C_HL,IGG1-Kappa D1.3 FV,Lysozyme,DC119A,C:D119A,1.0,1.8,0.185,na,na,na,2.61, 10.1073/PNAS.91.3.1089,SPR,7.5,25.0,C,H,L
1VFB,C_HL,IGG1-Kappa D1.3 FV,Lysozyme,DC18A,C:D18A,0.3,1.8,0.185,na,na,na,2.61, 10.1073/PNAS.91.3.1089,SPR,7.5,25.0,C,H,L
1VFB,C_HL,IGG1-Kappa D1.3 FV,Lysozyme,IC124A,C:I124A,1.2,1.8,0.185,na,na,na,2.61, 10.1073/PNAS.91.3.1089,SPR,7.5,25.0,C,H,L
1VFB,C_HL,IGG1-Kappa D1.3 FV,Lysozyme,KC116A,C:K116A,0.7,1.8,0.185,na,na,na,2.61, 10.1073/PNAS.91.3.1089,SPR,7.5,25.0,C,H,L
1VFB,C_HL,IGG1-Kappa D1.3 FV,Lysozyme,LC129A,C:L129A,0.2,1.8,0.185,na,na,na,2.61, 10.1073/PNAS.91.3.1089,SPR,7.5,25.0,C,H,L
1VFB,C_HL,IGG1-Kappa D1.3 FV,Lysozyme,NC19A,C:N19A,0.3,1.8,0.185,na,na,na,2.61, 10.1073/PNAS.91.3.1089,SPR,7.5,25.0,C,H,L
1VFB,C_HL,IGG1-Kappa D1.3 FV,Lysozyme,QC121A,C:Q121A,2.9,1.8,0.185,na,na,na,2.61, 10.1073/PNAS.91.3.1089,SPR,7.5,25.0,C,H,L
1VFB,C_HL,IGG1-Kappa D1.3 FV,Lysozyme,RC125A,C:R125A,1.8,1.8,0.185,na,na,na,2.61, 10.1073/PNAS.91.3.1089,SPR,7.5,25.0,C,H,L
1VFB,C_HL,IGG1-Kappa D1.3 FV,Lysozyme,SC24A,C:S24A,0.8,1.8,0.185,na,na,na,2.61, 10.1073/PNAS.91.3.1089,SPR,7.5,25.0,C,H,L
1VFB,C_HL,IGG1-Kappa D1.3 FV,Lysozyme,TC118A,C:T118A,0.8,1.8,0.185,na,na,na,2.61, 10.1073/PNAS.91.3.1089,SPR,7.5,25.0,C,H,L
1VFB,C_HL,IGG1-Kappa D1.3 FV,Lysozyme,VC120A,C:V120A,0.9,1.8,0.185,na,na,na,2.61, 10.1073/PNAS.91.3.1089,SPR,7.5,25.0,C,H,L
1VFB,C_HL,IGG1-Kappa D1.3 FV,Lysozyme,YC23A,C:Y23A,0.4,1.8,0.185,na,na,na,2.61, 10.1073/PNAS.91.3.1089,SPR,7.5,25.0,C,H,L
1VFB,C_HL,IGG1-Kappa D1.3 FV,Lysozyme,DH100A,H:D100A,2.9,1.8,0.185,na,na,na,2.61, 10.1073/PNAS.91.3.1089,SPR,7.5,25.0,C,H,L
1VFB,C_HL,IGG1-Kappa D1.3 FV,Lysozyme,DH54A,H:D54A,1.0,1.8,0.185,na,na,na,2.61, 10.1073/PNAS.91.3.1089,SPR,7.5,25.0,C,H,L
1VFB,C_HL,IGG1-Kappa D1.3 FV,Lysozyme,DH58E,H:D58E,0.08,1.8,0.185,na,na,na,2.61, 10.1073/PNAS.91.3.1089,Yeast Disp. Flow Cyt,7.3_7.5,25.0,C,H,L
1VFB,C_HL,IGG1-Kappa D1.3 FV,Lysozyme,DH58N,H:D58N,-0.13,1.8,0.185,na,na,na,2.61, 10.1073/PNAS.91.3.1089,Yeast Disp. Flow Cyt,7.3_7.5,25.0,C,H,L
1VFB,C_HL,IGG1-Kappa D1.3 FV,Lysozyme,GH31A,H:G31A,0.3,1.8,0.185,na,na,na,2.61, 10.1073/PNAS.91.3.1089,Yeast Disp. Flow Cyt,7.3_7.5,25.0,C,H,L
1VFB,C_HL,IGG1-Kappa D1.3 FV,Lysozyme,GH31E,H:G31E,-0.51,1.8,0.185,na,na,na,2.61, 10.1073/PNAS.91.3.1089,Yeast Disp. Flow Cyt,7.3_7.5,25.0,C,H,L
1VFB,C_HL,IGG1-Kappa D1.3 FV,Lysozyme,GH31W,H:G31W,0.01,1.8,0.185,na,na,na,2.61, 10.1073/PNAS.91.3.1089,Yeast Disp. Flow Cyt,7.3_7.5,25.0,C,H,L
1VFB,C_HL,IGG1-Kappa D1.3 FV,Lysozyme,RH99W,H:R99W,0.71,1.8,0.185,na,na,na,2.61, 10.1073/PNAS.91.3.1089,Yeast Disp. Flow Cyt,7.3_7.5,25.0,C,H,L
1VFB,C_HL,IGG1-Kappa D1.3 FV,Lysozyme,RH99Y,H:R99Y,1.26,1.8,0.185,na,na,na,2.61, 10.1073/PNAS.91.3.1089,Yeast Disp. Flow Cyt,7.3_7.5,25.0,C,H,L
1VFB,C_HL,IGG1-Kappa D1.3 FV,Lysozyme,SH28D,H:S28D,0.0,1.8,0.185,na,na,na,2.61, 10.1073/PNAS.91.3.1089,Yeast Disp. Flow Cyt,7.3_7.5,25.0,C,H,L
1VFB,C_HL,IGG1-Kappa D1.3 FV,Lysozyme,SH28E,H:S28E,-0.1,1.8,0.185,na,na,na,2.61, 10.1073/PNAS.91.3.1089,Yeast Disp. Flow Cyt,7.3_7.5,25.0,C,H,L
1VFB,C_HL,IGG1-Kappa D1.3 FV,Lysozyme,SH28N,H:S28N,0.15,1.8,0.185,na,na,na,2.61, 10.1073/PNAS.91.3.1090,Yeast Disp. Flow Cyt,7.3_7.6,25.0,C,H,L
1VFB,C_HL,IGG1-Kappa D1.3 FV,Lysozyme,SH28Q,H:S28Q,0.08,1.8,0.185,na,na,na,2.61, 10.1073/PNAS.91.3.1089,Yeast Disp. Flow Cyt,7.3_7.5,25.0,C,H,L
1VFB,C_HL,IGG1-Kappa D1.3 FV,Lysozyme,WH52A,H:W52A,0.9,1.8,0.185,na,na,na,2.61, 10.1073/PNAS.91.3.1089,SPR,7.5,25.0,C,H,L
1VFB,C_HL,IGG1-Kappa D1.3 FV,Lysozyme,YH101A,H:Y101A,4.0,1.8,0.185,na,na,na,2.61, 10.1073/PNAS.91.3.1089,SPR,7.5,25.0,C,H,L
1VFB,C_HL,IGG1-Kappa D1.3 FV,Lysozyme,YH101F,H:Y101F,1.6,1.8,0.185,na,na,na,2.61, 10.1073/PNAS.91.3.1089,SPR,7.5,25.0,C,H,L
1VFB,C_HL,IGG1-Kappa D1.3 FV,Lysozyme,YH32A,H:Y32A,1.1,1.8,0.185,na,na,na,2.61, 10.1073/PNAS.91.3.1089,SPR,7.5,25.0,C,H,L
1VFB,C_HL,IGG1-Kappa D1.3 FV,Lysozyme,YH32E,H:Y32E,1.91,1.8,0.185,na,na,na,2.61, 10.1073/PNAS.91.3.1089,SPR,7.5,25.0,C,H,L
1VFB,C_HL,IGG1-Kappa D1.3 FV,Lysozyme,LL46D,L:L46D,8.0,1.8,0.185,na,na,na,2.61, 10.1073/PNAS.91.3.1089,Yeast Disp. Flow Cyt,7.3_7.5,25.0,C,H,L
1VFB,C_HL,IGG1-Kappa D1.3 FV,Lysozyme,LL46E,L:L46E,8.0,1.8,0.185,na,na,na,2.61, 10.1073/PNAS.91.3.1089,Yeast Disp. Flow Cyt,7.3_7.5,25.0,C,H,L
1VFB,C_HL,IGG1-Kappa D1.3 FV,Lysozyme,NL31W,L:N31W,0.17,1.8,0.185,na,na,na,2.61, 10.1073/PNAS.91.3.1089,Yeast Disp. Flow Cyt,7.3_7.5,25.0,C,H,L
1VFB,C_HL,IGG1-Kappa D1.3 FV,Lysozyme,TL52F,L:T52F,0.47,1.8,0.185,na,na,na,2.61, 10.1073/PNAS.91.3.1089,Yeast Disp. Flow Cyt,7.3_7.5,25.0,C,H,L
1VFB,C_HL,IGG1-Kappa D1.3 FV,Lysozyme,TL53R,L:T53R,1.67,1.8,0.185,na,na,na,2.61, 10.1073/PNAS.91.3.1089,Yeast Disp. Flow Cyt,7.3_7.5,25.0,C,H,L
1VFB,C_HL,IGG1-Kappa D1.3 FV,Lysozyme,WL92A,L:W92A,3.3,1.8,0.185,na,na,na,2.61, 10.1073/PNAS.91.3.1089,SPR,7.5,25.0,C,H,L
1VFB,C_HL,IGG1-Kappa D1.3 FV,Lysozyme,YL32A,L:Y32A,1.7,1.8,0.185,na,na,na,2.61, 10.1073/PNAS.91.3.1089,SPR,7.5,25.0,C,H,L
1VFB,C_HL,IGG1-Kappa D1.3 FV,Lysozyme,YL32W,L:Y32W,8.0,1.8,0.185,na,na,na,2.61, 10.1073/PNAS.91.3.1089,Yeast Disp. Flow Cyt,7.3_7.5,25.0,C,H,L
1VFB,C_HL,IGG1-Kappa D1.3 FV,Lysozyme,YL50A,L:Y50A,0.5,1.8,0.185,na,na,na,2.61, 10.1073/PNAS.91.3.1089,SPR,7.5,25.0,C,H,L
1VFB,C_HL,IGG1-Kappa D1.3 FV,Lysozyme,YL50K,L:Y50K,1.67,1.8,0.185,na,na,na,2.61, 10.1073/PNAS.91.3.1089,Yeast Disp. Flow Cyt,7.3_7.5,25.0,C,H,L
1VFB,C_HL,IGG1-Kappa D1.3 FV,Lysozyme,YL50R,L:Y50R,0.85,1.8,0.185,na,na,na,2.61, 10.1073/PNAS.91.3.1089,Yeast Disp. Flow Cyt,7.3_7.5,25.0,C,H,L
1YY9,A_HL,EGFR, Cetuximab,"SL26D,TL31E,NL93A","L:S26D,L:T31E,L:N93A",-1.33,2.6,0.239,0.289,7.5,100,12.53, 10.1016/J.CCR.2005.03.003,Yeast Disp. Flow Cyt,7.3_7.5,25.0,A,H,L
1YY9,A_HL,EGFR, Cetuximab,"SL26D,TL31E,NL93A,NH56A,TH61E","L:S26D,L:T31E,L:N93A,H:N56A,H:T61E",-0.65,2.6,0.239,0.289,7.5,100,12.53, 10.1016/J.CCR.2005.03.003,Yeast Disp. Flow Cyt,7.3_7.5,25.0,A,H,L
1YY9,A_HL,EGFR, Cetuximab,"TL31E,NL93A","L:T31E,L:N93A",-0.82,2.6,0.239,0.289,7.5,100,12.53, 10.1016/J.CCR.2005.03.003,Yeast Disp. Flow Cyt,7.3_7.5,25.0,A,H,L
1YY9,A_HL,EGFR, Cetuximab,NH56A,H:N56A,-0.06,2.6,0.239,0.289,7.5,100,12.53, 10.1016/J.CCR.2005.03.003,Yeast Disp. Flow Cyt,7.3_7.5,25.0,A,H,L
1YY9,A_HL,EGFR, Cetuximab,TH61E,H:T61E,-0.06,2.6,0.239,0.289,7.5,100,12.53, 10.1016/J.CCR.2005.03.003,Yeast Disp. Flow Cyt,7.3_7.5,25.0,A,H,L
1YY9,A_HL,EGFR, Cetuximab,NL93A,L:N93A,-0.74,2.6,0.239,0.289,7.5,100,12.53, 10.1016/J.CCR.2005.03.003,Yeast Disp. Flow Cyt,7.3_7.5,25.0,A,H,L
1YY9,A_HL,EGFR, Cetuximab,SL26D,L:S26D,-0.2,2.6,0.239,0.289,7.5,100,12.53, 10.1016/J.CCR.2005.03.003,Yeast Disp. Flow Cyt,7.3_7.5,25.0,A,H,L
1YY9,A_HL,EGFR, Cetuximab,TL31E,L:T31E,-0.52,2.6,0.239,0.289,7.5,100,12.53, 10.1016/J.CCR.2005.03.003,Yeast Disp. Flow Cyt,7.3_7.5,25.0,A,H,L
2JEL,HL_P,Jel42 antibody,HPr,AP82S,P:A82S,0.0,1.5,0.21,0.28,5.8,298,7.43, 10.1006/JMBI.1998.1888���,Other,,25.0,P,H,L
2JEL,HL_P,Jel42 antibody,HPr,DP69E,P:D69E,0.96,1.5,0.21,0.28,5.8,298,7.43, 10.1006/JMBI.1998.1888���,Other,,25.0,P,H,L
2JEL,HL_P,Jel42 antibody,HPr,EP5D,P:E5D,0.41,1.5,0.21,0.28,5.8,298,7.43, 10.1006/JMBI.1998.1888���,Other,,25.0,P,H,L
2JEL,HL_P,Jel42 antibody,HPr,EP5Q,P:E5Q,0.72,1.5,0.21,0.28,5.8,298,7.43, 10.1006/JMBI.1998.1888���,Other,,25.0,P,H,L
2JEL,HL_P,Jel42 antibody,HPr,EP66K,P:E66K,4.13,1.5,0.21,0.28,5.8,298,7.43, 10.1006/JMBI.1998.1888���,Other,,25.0,P,H,L
2JEL,HL_P,Jel42 antibody,HPr,EP68A,P:E68A,0.41,1.5,0.21,0.28,5.8,298,7.43, 10.1006/JMBI.1998.1888���,Other,,25.0,P,H,L
2JEL,HL_P,Jel42 antibody,HPr,EP70A,P:E70A,2.75,1.5,0.21,0.28,5.8,298,7.43, 10.1006/JMBI.1998.1888���,Other,,25.0,P,H,L
2JEL,HL_P,Jel42 antibody,HPr,EP70K,P:E70K,4.13,1.5,0.21,0.28,5.8,298,7.43, 10.1006/JMBI.1998.1888���,Other,,25.0,P,H,L
2JEL,HL_P,Jel42 antibody,HPr,EP75R,P:E75R,2.75,1.5,0.21,0.28,5.8,298,7.43, 10.1006/JMBI.1998.1888���,Other,,25.0,P,H,L
2JEL,HL_P,Jel42 antibody,HPr,EP83A,P:E83A,0.0,1.5,0.21,0.28,5.8,298,7.43, 10.1006/JMBI.1998.1888���,Other,,25.0,P,H,L
2JEL,HL_P,Jel42 antibody,HPr,EP85A,P:E85A,0.0,1.5,0.21,0.28,5.8,298,7.43, 10.1006/JMBI.1998.1888���,Other,,25.0,P,H,L
2JEL,HL_P,Jel42 antibody,HPr,EP85D,P:E85D,0.0,1.5,0.21,0.28,5.8,298,7.43, 10.1006/JMBI.1998.1888���,Other,,25.0,P,H,L
2JEL,HL_P,Jel42 antibody,HPr,EP85K,P:E85K,0.0,1.5,0.21,0.28,5.8,298,7.43, 10.1006/JMBI.1998.1888���,Other,,25.0,P,H,L
2JEL,HL_P,Jel42 antibody,HPr,EP85Q,P:E85Q,0.0,1.5,0.21,0.28,5.8,298,7.43, 10.1006/JMBI.1998.1888���,Other,,25.0,P,H,L
2JEL,HL_P,Jel42 antibody,HPr,FP2W,P:F2W,2.64,1.5,0.21,0.28,5.8,298,7.43, 10.1006/JMBI.1998.1888���,Other,,25.0,P,H,L
2JEL,HL_P,Jel42 antibody,HPr,FP2Y,P:F2Y,0.0,1.5,0.21,0.28,5.8,298,7.43, 10.1006/JMBI.1998.1888���,Other,,25.0,P,H,L
2JEL,HL_P,Jel42 antibody,HPr,HP76A,P:H76A,-0.41,1.5,0.21,0.28,5.8,298,7.43, 10.1006/JMBI.1998.1888���,Other,,25.0,P,H,L
2JEL,HL_P,Jel42 antibody,HPr,HP76D,P:H76D,-0.66,1.5,0.21,0.28,5.8,298,7.43, 10.1006/JMBI.1998.1888���,Other,,25.0,P,H,L
2JEL,HL_P,Jel42 antibody,HPr,KP24E,P:K24E,0.0,1.5,0.21,0.28,5.8,298,7.43, 10.1006/JMBI.1998.1888���,Other,,25.0,P,H,L
2JEL,HL_P,Jel42 antibody,HPr,KP27E,P:K27E,0.0,1.5,0.21,0.28,5.8,298,7.43, 10.1006/JMBI.1998.1888���,Other,,25.0,P,H,L
2JEL,HL_P,Jel42 antibody,HPr,KP72E,P:K72E,0.41,1.5,0.21,0.28,5.8,298,7.43, 10.1006/JMBI.1998.1888���,Other,,25.0,P,H,L
2JEL,HL_P,Jel42 antibody,HPr,KP72R,P:K72R,0.0,1.5,0.21,0.28,5.8,298,7.43, 10.1006/JMBI.1998.1888���,Other,,25.0,P,H,L
2JEL,HL_P,Jel42 antibody,HPr,KP79E,P:K79E,0.41,1.5,0.21,0.28,5.8,298,7.43, 10.1006/JMBI.1998.1888���,Other,,25.0,P,H,L
2JEL,HL_P,Jel42 antibody,HPr,NP12D,P:N12D,0.0,1.5,0.21,0.28,5.8,298,7.43, 10.1006/JMBI.1998.1888���,Other,,25.0,P,H,L
2JEL,HL_P,Jel42 antibody,HPr,NP38T,P:N38T,0.0,1.5,0.21,0.28,5.8,298,7.43, 10.1006/JMBI.1998.1888���,Other,,25.0,P,H,L
2JEL,HL_P,Jel42 antibody,HPr,PP11E,P:P11E,0.0,1.5,0.21,0.28,5.8,298,7.43, 10.1006/JMBI.1998.1888���,Other,,25.0,P,H,L
2JEL,HL_P,Jel42 antibody,HPr,QP3K,P:Q3K,4.13,1.5,0.21,0.28,5.8,298,7.43, 10.1006/JMBI.1998.1888���,Other,,25.0,P,H,L
2JEL,HL_P,Jel42 antibody,HPr,QP4K,P:Q4K,1.38,1.5,0.21,0.28,5.8,298,7.43, 10.1006/JMBI.1998.1888���,Other,,25.0,P,H,L
2JEL,HL_P,Jel42 antibody,HPr,QP57E,P:Q57E,-0.41,1.5,0.21,0.28,5.8,298,7.43, 10.1006/JMBI.1998.1888���,Other,,25.0,P,H,L
2JEL,HL_P,Jel42 antibody,HPr,QP71E,P:Q71E,2.75,1.5,0.21,0.28,5.8,298,7.43, 10.1006/JMBI.1998.1888���,Other,,25.0,P,H,L
2JEL,HL_P,Jel42 antibody,HPr,RP17G,P:R17G,0.0,1.5,0.21,0.28,5.8,298,7.43, 10.1006/JMBI.1998.1888���,Other,,25.0,P,H,L
2JEL,HL_P,Jel42 antibody,HPr,RP17K,P:R17K,0.0,1.5,0.21,0.28,5.8,298,7.43, 10.1006/JMBI.1998.1888���,Other,,25.0,P,H,L
2JEL,HL_P,Jel42 antibody,HPr,SP41C,P:S41C,1.51,1.5,0.21,0.28,5.8,298,7.43, 10.1006/JMBI.1998.1888���,Other,,25.0,P,H,L
2JEL,HL_P,Jel42 antibody,HPr,SP43C,P:S43C,0.0,1.5,0.21,0.28,5.8,298,7.43, 10.1006/JMBI.1998.1888���,Other,,25.0,P,H,L
2JEL,HL_P,Jel42 antibody,HPr,SP46C,P:S46C,0.0,1.5,0.21,0.28,5.8,298,7.43, 10.1006/JMBI.1998.1888���,Other,,25.0,P,H,L
2JEL,HL_P,Jel42 antibody,HPr,SP64T,P:S64T,4.13,1.5,0.21,0.28,5.8,298,7.43, 10.1006/JMBI.1998.1888���,Other,,25.0,P,H,L
2JEL,HL_P,Jel42 antibody,HPr,TP34Q,P:T34Q,0.0,1.5,0.21,0.28,5.8,298,7.43, 10.1006/JMBI.1998.1888���,Other,,25.0,P,H,L
2JEL,HL_P,Jel42 antibody,HPr,TP36Q,P:T36Q,0.41,1.5,0.21,0.28,5.8,298,7.43, 10.1006/JMBI.1998.1888���,Other,,25.0,P,H,L
2JEL,HL_P,Jel42 antibody,HPr,TP62A,P:T62A,0.0,1.5,0.21,0.28,5.8,298,7.43, 10.1006/JMBI.1998.1888���,Other,,25.0,P,H,L
2JEL,HL_P,Jel42 antibody,HPr,TP62N,P:T62N,0.0,1.5,0.21,0.28,5.8,298,7.43, 10.1006/JMBI.1998.1888���,Other,,25.0,P,H,L
2JEL,HL_P,Jel42 antibody,HPr,TP7N,P:T7N,0.41,1.5,0.21,0.28,5.8,298,7.43, 10.1006/JMBI.1998.1888���,Other,,25.0,P,H,L
2JEL,HL_P,Jel42 antibody,HPr,TP7S,P:T7S,0.0,1.5,0.21,0.28,5.8,298,7.43, 10.1006/JMBI.1998.1888���,Other,,25.0,P,H,L
2JEL,HL_P,Jel42 antibody,HPr,VP6F,P:V6F,0.0,1.5,0.21,0.28,5.8,298,7.43, 10.1006/JMBI.1998.1888���,Other,,25.0,P,H,L
2NY7,G_HL,HIV-1 gp120,b12 Ab,"NH31H,VH33T,IH34L","H:N31H,H:V33T,H:I34L",-0.69,2.3,0.193,0.255,na,100,15.38, 10.1038/NATURE05580,SPR,,,G,H,L
2NY7,G_HL,HIV-1 gp120,b12 Ab,"NH31H,VH33T,IH34V","H:N31H,H:V33T,H:I34V",-0.81,2.3,0.193,0.255,na,100,15.38, 10.1038/NATURE05580,SPR,,,G,H,L
2NY7,G_HL,HIV-1 gp120,b12 Ab,"PH101E,YH102W,SH103G","H:P97E,H:Y98W,H:S99G",-1.23,2.3,0.193,0.255,na,100,15.38, 10.1038/NATURE05580,SPR,,,G,H,L
2NY7,G_HL,HIV-1 gp120,b12 Ab,"PH101E,YH102W,SH103G,DH105D,DH106Q,SH107R,PH108R,QH109Y","H:P97E,H:Y98W,H:S99G,H:D100aD,H:D100bQ,H:S100cR,H:P100dR,H:Q100eY",-0.74,2.3,0.193,0.255,na,100,15.38, 10.1038/NATURE05580,SPR,,,G,H,L
2NY7,G_HL,HIV-1 gp120,b12 Ab,"PH101E,YH102W,SH103G,DH105D,DH106Q,SH107V,PH108R,QH109Y","H:P97E,H:Y98W,H:S99G,H:D100aD,H:D100bQ,H:S100cV,H:P100dR,H:Q100eY",-2.26,2.3,0.193,0.255,na,100,15.38, 10.1038/NATURE05580,SPR,,,G,H,L
2NY7,G_HL,HIV-1 gp120,b12 Ab,"PH101E,YH102W,SH103G,DH105E,DH106M,SH107F,PH108R,QH109Y","H:P97E,H:Y98W,H:S99G,H:D100aE,H:D100bM,H:S100cF,H:P100dR,H:Q100eY",-2.46,2.3,0.193,0.255,na,100,15.38, 10.1038/NATURE05580,SPR,,,G,H,L
2NY7,G_HL,HIV-1 gp120,b12 Ab,"PH101E,YH102W,SH103G,DH105E,DH106M,SH107R,PH108R,QH109F","H:P97E,H:Y98W,H:S99G,H:D100aE,H:D100bM,H:S100cR,H:P100dR,H:Q100eF",-2.3,2.3,0.193,0.255,na,100,15.38, 10.1038/NATURE05580,SPR,,,G,H,L
2NY7,G_HL,HIV-1 gp120,b12 Ab,"PH101E,YH102W,SH103G,DH105E,DH106Q,SH107F,PH108R,QH109F","H:P97E,H:Y98W,H:S99G,H:D100aE,H:D100bQ,H:S100cF,H:P100dR,H:Q100eF",-1.61,2.3,0.193,0.255,na,100,15.38, 10.1038/NATURE05580,SPR,,,G,H,L
2NY7,G_HL,HIV-1 gp120,b12 Ab,"PH101E,YH102W,SH103G,DH105H,DH106Q,SH107R,PH108R,QH109Y","H:P97E,H:Y98W,H:S99G,H:D100aH,H:D100bQ,H:S100cR,H:P100dR,H:Q100eY",-2.27,2.3,0.193,0.255,na,100,15.38, 10.1038/NATURE05580,SPR,,,G,H,L
2NY7,G_HL,HIV-1 gp120,b12 Ab,"PH101E,YH102W,SH103G,DH105T,DH106Q,SH107R,PH108R,QH109F","H:P97E,H:Y98W,H:S99G,H:D100aT,H:D100bQ,H:S100cR,H:P100dR,H:Q100eF",-2.12,2.3,0.193,0.255,na,100,15.38, 10.1038/NATURE05580,SPR,,,G,H,L
2NY7,G_HL,HIV-1 gp120,b12 Ab,"VH33T,HH35M","H:V33T,H:H35M",-0.57,2.3,0.193,0.255,na,100,15.38, 10.1038/NATURE05580,SPR,,,G,H,L
2NY7,G_HL,HIV-1 gp120,b12 Ab,"VH33T,IH34V","H:V33T,H:I34V",-1.25,2.3,0.193,0.255,na,100,15.38, 10.1038/NATURE05580,SPR,,,G,H,L
2NY7,G_HL,HIV-1 gp120,b12 Ab,"AL94G,SL96A","L:A93G,L:S95A",-0.38,2.3,0.193,0.255,na,100,15.38, 10.1038/NATURE05580,SPR,,,G,H,L
2NY7,G_HL,HIV-1 gp120,b12 Ab,"AL94W,SL96Q","L:A93W,L:S95Q",-1.47,2.3,0.193,0.255,na,100,15.38, 10.1038/NATURE05580,SPR,,,G,H,L
2NY7,G_HL,HIV-1 gp120,b12 Ab,"SL28K,IL29E,RL30F,SL31G","L:S28K,L:I28aE,L:R29F,L:S30G",-0.16,2.3,0.193,0.255,na,100,15.38, 10.1038/NATURE05580,SPR,,,G,H,L
2NY7,G_HL,HIV-1 gp120,b12 Ab,"SL28P,IL29L,RL30H,SL31R,RL32A","L:S28P,L:I28aL,L:R29H,L:S30R,L:R31A",-1.3,2.3,0.193,0.255,na,100,15.38, 10.1038/NATURE05580,SPR,,,G,H,L
2NY7,G_HL,HIV-1 gp120,b12 Ab,"SL28Q,IL29L,RL30D,SL31G,RL32S","L:S28Q,L:I28aL,L:R29D,L:S30G,L:R31S",-2.0,2.3,0.193,0.255,na,100,15.38, 10.1038/NATURE05580,SPR,,,G,H,L
2NY7,G_HL,HIV-1 gp120,b12 Ab,"SL28T,IL29V,RL30Y,SL31R,RL32D","L:S28T,L:I28aV,L:R29Y,L:S30R,L:R31D",-1.03,2.3,0.193,0.255,na,100,15.38, 10.1038/NATURE05580,SPR,,,G,H,L
2NY7,G_HL,HIV-1 gp120,b12 Ab,"VL91K,AL94D,SL96F","L:V90K,L:A93D,L:S95F",-2.0,2.3,0.193,0.255,na,100,15.38, 10.1038/NATURE05580,SPR,,,G,H,L
2NY7,G_HL,HIV-1 gp120,b12 Ab,"VL91K,AL94G,SL95G,SL96T","L:V90K,L:A93G,L:S94G,L:S95T",-1.93,2.3,0.193,0.255,na,100,15.38, 10.1038/NATURE05580,SPR,,,G,H,L
2NY7,G_HL,HIV-1 gp120,b12 Ab,"VL91L,AL94R,SL95G,SL96N","L:V90L,L:A93R,L:S94G,L:S95N",-1.61,2.3,0.193,0.255,na,100,15.38, 10.1038/NATURE05580,SPR,,,G,H,L
2NY7,G_HL,HIV-1 gp120,b12 Ab,"VL91M,AL94G,SL95F,SL96T","L:V90M,L:A93G,L:S94F,L:S95T",-1.36,2.3,0.193,0.255,na,100,15.38, 10.1038/NATURE05580,SPR,,,G,H,L
2NY7,G_HL,HIV-1 gp120,b12 Ab,"VL91M,AL94G,SL95R,SL96D","L:V90M,L:A93G,L:S94R,L:S95D",-0.24,2.3,0.193,0.255,na,100,15.38, 10.1038/NATURE05580,SPR,,,G,H,L
2NY7,G_HL,HIV-1 gp120,b12 Ab,"VL91Q,AL94D,SL96L","L:V90Q,L:A93D,L:S95L",-1.61,2.3,0.193,0.255,na,100,15.38, 10.1038/NATURE05580,SPR,,,G,H,L
2NY7,G_HL,HIV-1 gp120,b12 Ab,"VL91Q,AL94W,SL95P,SL96F","L:V90Q,L:A93W,L:S94P,L:S95F",-2.27,2.3,0.193,0.255,na,100,15.38, 10.1038/NATURE05580,SPR,,,G,H,L
2NY7,G_HL,HIV-1 gp120,b12 Ab,"VL91S,AL94G,SL95R,SL96D","L:V90S,L:A93G,L:S94R,L:S95D",-1.52,2.3,0.193,0.255,na,100,15.38, 10.1038/NATURE05580,SPR,,,G,H,L
2NY7,G_HL,HIV-1 gp120,b12 Ab,"VL91T,AL94R,SL95G","L:V90T,L:A93R,L:S94G",-2.65,2.3,0.193,0.255,na,100,15.38, 10.1038/NATURE05580,SPR,,,G,H,L
2NY7,G_HL,HIV-1 gp120,b12 Ab,"VL91T,AL94R,SL95G,SL96H","L:V90T,L:A93R,L:S94G,L:S95H",-2.71,2.3,0.193,0.255,na,100,15.38, 10.1038/NATURE05580,SPR,,,G,H,L
2NY7,G_HL,HIV-1 gp120,b12 Ab,"VL91T,AL94R,SL95G,SL96I","L:V90T,L:A93R,L:S94G,L:S95I",-2.31,2.3,0.193,0.255,na,100,15.38, 10.1038/NATURE05580,SPR,,,G,H,L
2NY7,G_HL,HIV-1 gp120,b12 Ab,"VL91T,AL94R,SL95G,SL96V","L:V90T,L:A93R,L:S94G,L:S95V",-0.98,2.3,0.193,0.255,na,100,15.38, 10.1038/NATURE05580,SPR,,,G,H,L
2NY7,G_HL,HIV-1 gp120,b12 Ab,"VL91T,AL94W,SL96G","L:V90T,L:A93W,L:S95G",-1.56,2.3,0.193,0.255,na,100,15.38, 10.1038/NATURE05580,SPR,,,G,H,L
2NYY,A_HL,Bont/A1,mAb CR1,DA1058A,A:D1058A,0.01,2.61,0.206,0.246,5.5,100,13.91, 10.1038/NBT1269,KinExA,7.4,23.0,A,H,L
2NYY,A_HL,Bont/A1,mAb CR1,DA1062A,A:D1062A,2.53,2.61,0.206,0.246,5.5,100,13.91, 10.1038/NBT1269,KinExA,7.4,23.0,A,H,L
2NYY,A_HL,Bont/A1,mAb CR1,EA920A,A:E920A,2.84,2.61,0.206,0.246,5.5,100,13.91, 10.1038/NBT1269,KinExA,7.4,23.0,A,H,L
2NYY,A_HL,Bont/A1,mAb CR1,FA917A,A:F917A,0.42,2.61,0.206,0.246,5.5,100,13.91, 10.1038/NBT1269,KinExA,7.4,23.0,A,H,L
2NYY,A_HL,Bont/A1,mAb CR1,FA953A,A:F953A,4.06,2.61,0.206,0.246,5.5,100,13.91, 10.1038/NBT1269,KinExA,7.4,23.0,A,H,L
2NYY,A_HL,Bont/A1,mAb CR1,HA1064A,A:H1064A,7.32,2.61,0.206,0.246,5.5,100,13.91, 10.1038/NBT1269,KinExA,7.4,23.0,A,H,L
2NYY,A_HL,Bont/A1,mAb CR1,IA956A,A:I956A,-0.01,2.61,0.206,0.246,5.5,100,13.91, 10.1038/NBT1269,KinExA,7.4,23.0,A,H,L
2NYY,A_HL,Bont/A1,mAb CR1,KA1056A,A:K1056A,-0.03,2.61,0.206,0.246,5.5,100,13.91, 10.1038/NBT1269,KinExA,7.4,23.0,A,H,L
2NYY,A_HL,Bont/A1,mAb CR1,KA903A,A:K903A,0.29,2.61,0.206,0.246,5.5,100,13.91, 10.1038/NBT1269,KinExA,7.4,23.0,A,H,L
2NYY,A_HL,Bont/A1,mAb CR1,KA923A,A:K923A,-0.14,2.61,0.206,0.246,5.5,100,13.91, 10.1038/NBT1269,KinExA,7.4,23.0,A,H,L
2NYY,A_HL,Bont/A1,mAb CR1,LA919A,A:L919A,2.59,2.61,0.206,0.246,5.5,100,13.91, 10.1038/NBT1269,KinExA,7.4,23.0,A,H,L
2NYY,A_HL,Bont/A1,mAb CR1,NA918A,A:N918A,0.89,2.61,0.206,0.246,5.5,100,13.91, 10.1038/NBT1269,KinExA,7.4,23.0,A,H,L
2NYY,A_HL,Bont/A1,mAb CR1,NA954A,A:N954A,0.1,2.61,0.206,0.246,5.5,100,13.91, 10.1038/NBT1269,KinExA,7.4,23.0,A,H,L
2NYY,A_HL,Bont/A1,mAb CR1,QA915A,A:Q915A,0.52,2.61,0.206,0.246,5.5,100,13.91, 10.1038/NBT1269,KinExA,7.4,23.0,A,H,L
2NYY,A_HL,Bont/A1,mAb CR1,RA1061A,A:R1061A,0.82,2.61,0.206,0.246,5.5,100,13.91, 10.1038/NBT1269,KinExA,7.4,23.0,A,H,L
2NYY,A_HL,Bont/A1,mAb CR1,RA1294A,A:R1294A,0.3,2.61,0.206,0.246,5.5,100,13.91, 10.1038/NBT1269,KinExA,7.4,23.0,A,H,L
2NYY,A_HL,Bont/A1,mAb CR1,SA902A,A:S902A,-0.23,2.61,0.206,0.246,5.5,100,13.91, 10.1038/NBT1269,KinExA,7.4,23.0,A,H,L
2NYY,A_HL,Bont/A1,mAb CR1,SA955A,A:S955A,0.0,2.61,0.206,0.246,5.5,100,13.91, 10.1038/NBT1269,KinExA,7.4,23.0,A,H,L
2NYY,A_HL,Bont/A1,mAb CR1,TA1063A,A:T1063A,1.62,2.61,0.206,0.246,5.5,100,13.91, 10.1038/NBT1269,KinExA,7.4,23.0,A,H,L
2NYY,A_HL,Bont/A1,mAb CR1,KH30R,H:K30R,0.07,2.61,0.206,0.246,5.5,100,13.91, 10.1038/NBT1269,KinExA,7.4,23.0,A,H,L
2NYY,A_HL,Bont/A1,mAb CR1,MH34Q,H:M34Q,-0.06,2.61,0.206,0.246,5.5,100,13.91, 10.1038/NBT1269,KinExA,7.4,23.0,A,H,L
2NYY,A_HL,Bont/A1,mAb CR1,YH31D,H:Y31D,0.07,2.61,0.206,0.246,5.5,100,13.91, 10.1038/NBT1269,KinExA,7.4,23.0,A,H,L
2NYY,A_HL,Bont/A1,mAb CR1,YH31Q,H:Y31Q,0.13,2.61,0.206,0.246,5.5,100,13.91, 10.1038/NBT1269,KinExA,7.4,23.0,A,H,L
2NYY,A_HL,Bont/A1,mAb CR1,YH57Q,H:Y57Q,0.52,2.61,0.206,0.246,5.5,100,13.91, 10.1038/NBT1269,KinExA,7.4,23.0,A,H,L
2NYY,A_HL,Bont/A1,mAb CR1,DL30Y,L:D30Y,0.65,2.61,0.206,0.246,5.5,100,13.91, 10.1038/NBT1269,KinExA,7.4,23.0,A,H,L
2NYY,A_HL,Bont/A1,mAb CR1,HL34R,L:H34R,0.1,2.61,0.206,0.246,5.5,100,13.91, 10.1038/NBT1269,KinExA,7.4,23.0,A,H,L
2NYY,A_HL,Bont/A1,mAb CR1,SL28Q,L:S28Q,0.42,2.61,0.206,0.246,5.5,100,13.91, 10.1038/NBT1269,KinExA,7.4,23.0,A,H,L
2NYY,A_HL,Bont/A1,mAb CR1,SL31N,L:S31N,-0.36,2.61,0.206,0.246,5.5,100,13.91, 10.1038/NBT1269,KinExA,7.4,23.0,A,H,L
2NZ9,A_HL,Bont/A1,mAb AR2,DA1058A,A:D1058A,-0.03,3.79,0.224,0.278,5.6,100,18.0, 10.1038/NBT1269,KinExA,7.4,23.0,A,H,L
2NZ9,A_HL,Bont/A1,mAb AR2,DA1062A,A:D1062A,2.34,3.79,0.224,0.278,5.6,100,18.0, 10.1038/NBT1269,KinExA,7.4,23.0,A,H,L
2NZ9,A_HL,Bont/A1,mAb AR2,EA920A,A:E920A,2.77,3.79,0.224,0.278,5.6,100,18.0, 10.1038/NBT1269,KinExA,7.4,23.0,A,H,L
2NZ9,A_HL,Bont/A1,mAb AR2,FA917A,A:F917A,-0.05,3.79,0.224,0.278,5.6,100,18.0, 10.1038/NBT1269,KinExA,7.4,23.0,A,H,L
2NZ9,A_HL,Bont/A1,mAb AR2,FA953A,A:F953A,3.34,3.79,0.224,0.278,5.6,100,18.0, 10.1038/NBT1269,KinExA,7.4,23.0,A,H,L
2NZ9,A_HL,Bont/A1,mAb AR2,HA1064A,A:H1064A,7.42,3.79,0.224,0.278,5.6,100,18.0, 10.1038/NBT1269,KinExA,7.4,23.0,A,H,L
2NZ9,A_HL,Bont/A1,mAb AR2,IA956A,A:I956A,0.07,3.79,0.224,0.278,5.6,100,18.0, 10.1038/NBT1269,KinExA,7.4,23.0,A,H,L
2NZ9,A_HL,Bont/A1,mAb AR2,KA1056A,A:K1056A,-0.01,3.79,0.224,0.278,5.6,100,18.0, 10.1038/NBT1269,KinExA,7.4,23.0,A,H,L
2NZ9,A_HL,Bont/A1,mAb AR2,KA903A,A:K903A,0.54,3.79,0.224,0.278,5.6,100,18.0, 10.1038/NBT1269,KinExA,7.4,23.0,A,H,L
2NZ9,A_HL,Bont/A1,mAb AR2,KA923A,A:K923A,-0.3,3.79,0.224,0.278,5.6,100,18.0, 10.1038/NBT1269,KinExA,7.4,23.0,A,H,L
2NZ9,A_HL,Bont/A1,mAb AR2,LA919A,A:L919A,2.28,3.79,0.224,0.278,5.6,100,18.0, 10.1038/NBT1269,KinExA,7.4,23.0,A,H,L
2NZ9,A_HL,Bont/A1,mAb AR2,NA918A,A:N918A,2.16,3.79,0.224,0.278,5.6,100,18.0, 10.1038/NBT1269,KinExA,7.4,23.0,A,H,L
2NZ9,A_HL,Bont/A1,mAb AR2,NA954A,A:N954A,-0.15,3.79,0.224,0.278,5.6,100,18.0, 10.1038/NBT1269,KinExA,7.4,23.0,A,H,L
2NZ9,A_HL,Bont/A1,mAb AR2,QA915A,A:Q915A,0.1,3.79,0.224,0.278,5.6,100,18.0, 10.1038/NBT1269,KinExA,7.4,23.0,A,H,L
2NZ9,A_HL,Bont/A1,mAb AR2,RA1061A,A:R1061A,0.29,3.79,0.224,0.278,5.6,100,18.0, 10.1038/NBT1269,KinExA,7.4,23.0,A,H,L
2NZ9,A_HL,Bont/A1,mAb AR2,RA1294A,A:R1294A,0.39,3.79,0.224,0.278,5.6,100,18.0, 10.1038/NBT1269,KinExA,7.4,23.0,A,H,L
2NZ9,A_HL,Bont/A1,mAb AR2,SA902A,A:S902A,-0.12,3.79,0.224,0.278,5.6,100,18.0, 10.1038/NBT1269,KinExA,7.4,23.0,A,H,L
2NZ9,A_HL,Bont/A1,mAb AR2,SA955A,A:S955A,-0.08,3.79,0.224,0.278,5.6,100,18.0, 10.1038/NBT1269,KinExA,7.4,23.0,A,H,L
2NZ9,A_HL,Bont/A1,mAb AR2,TA1063A,A:T1063A,2.37,3.79,0.224,0.278,5.6,100,18.0, 10.1038/NBT1269,KinExA,7.4,23.0,A,H,L
3BDY,HL_V,Dual specific bH1 Fab,VEGF,DH32A,H:D31A,0.2,2.6,0.194,0.252,7.5,100,2.12, 10.1126/SCIENCE.1165480,Phage ELISA,,,V,H,L
3BDY,HL_V,Dual specific bH1 Fab,VEGF,DH103A,H:D98A,0.0,2.6,0.194,0.252,7.5,100,2.12, 10.1126/SCIENCE.1165480,Phage ELISA,,,V,H,L
3BDY,HL_V,Dual specific bH1 Fab,VEGF,FH105A,H:F100A,0.7,2.6,0.194,0.252,7.5,100,2.12, 10.1126/SCIENCE.1165480,Phage ELISA,,,V,H,L
3BDY,HL_V,Dual specific bH1 Fab,VEGF,GH101A,H:G96A,0.2,2.6,0.194,0.252,7.5,100,2.12, 10.1126/SCIENCE.1165480,Phage ELISA,,,V,H,L
3BDY,HL_V,Dual specific bH1 Fab,VEGF,GH102A,H:G97A,-0.1,2.6,0.194,0.252,7.5,100,2.12, 10.1126/SCIENCE.1165480,Phage ELISA,,,V,H,L
3BDY,HL_V,Dual specific bH1 Fab,VEGF,GH104A,H:G99A,0.8,2.6,0.194,0.252,7.5,100,2.12, 10.1126/SCIENCE.1165480,Phage ELISA,,,V,H,L
3BDY,HL_V,Dual specific bH1 Fab,VEGF,KH31A,H:K30A,0.2,2.6,0.194,0.252,7.5,100,2.12, 10.1126/SCIENCE.1165480,Phage ELISA,,,V,H,L
3BDY,HL_V,Dual specific bH1 Fab,VEGF,NH56A,H:N54A,-0.2,2.6,0.194,0.252,7.5,100,2.12, 10.1126/SCIENCE.1165480,Phage ELISA,,,V,H,L
3BDY,HL_V,Dual specific bH1 Fab,VEGF,RH51A,H:R50A,-0.3,2.6,0.194,0.252,7.5,100,2.12, 10.1126/SCIENCE.1165480,Phage ELISA,,,V,H,L
3BDY,HL_V,Dual specific bH1 Fab,VEGF,RH60A,H:R58A,-0.2,2.6,0.194,0.252,7.5,100,2.12, 10.1126/SCIENCE.1165480,Phage ELISA,,,V,H,L
3BDY,HL_V,Dual specific bH1 Fab,VEGF,TH33A,H:T32A,-0.4,2.6,0.194,0.252,7.5,100,2.12, 10.1126/SCIENCE.1165480,Phage ELISA,,,V,H,L
3BDY,HL_V,Dual specific bH1 Fab,VEGF,TH55A,H:T53A,-0.5,2.6,0.194,0.252,7.5,100,2.12, 10.1126/SCIENCE.1165480,Phage ELISA,,,V,H,L
3BDY,HL_V,Dual specific bH1 Fab,VEGF,WH100A,H:W95A,2.0,2.6,0.194,0.252,7.5,100,2.12, 10.1126/SCIENCE.1165480,Phage ELISA,,,V,H,L
3BDY,HL_V,Dual specific bH1 Fab,VEGF,YH106A,H:Y100aA,0.5,2.6,0.194,0.252,7.5,100,2.12, 10.1126/SCIENCE.1165480,Phage ELISA,,,V,H,L
3BDY,HL_V,Dual specific bH1 Fab,VEGF,YH34A,H:Y33A,0.3,2.6,0.194,0.252,7.5,100,2.12, 10.1126/SCIENCE.1165480,Phage ELISA,,,V,H,L
3BDY,HL_V,Dual specific bH1 Fab,VEGF,YH53A,H:Y52A,0.4,2.6,0.194,0.252,7.5,100,2.12, 10.1126/SCIENCE.1165480,Phage ELISA,,,V,H,L
3BDY,HL_V,Dual specific bH1 Fab,VEGF,YH58A,H:Y56A,0.2,2.6,0.194,0.252,7.5,100,2.12, 10.1126/SCIENCE.1165480,Phage ELISA,,,V,H,L
3BDY,HL_V,Dual specific bH1 Fab,VEGF,DL28A,L:D27aA,0.0,2.6,0.194,0.252,7.5,100,2.12, 10.1126/SCIENCE.1165480,Phage ELISA,,,V,H,L
3BDY,HL_V,Dual specific bH1 Fab,VEGF,GL35A,L:G31A,1.2,2.6,0.194,0.252,7.5,100,2.12, 10.1126/SCIENCE.1165480,Phage ELISA,,,V,H,L
3BDY,HL_V,Dual specific bH1 Fab,VEGF,GL55A,L:G51A,1.0,2.6,0.194,0.252,7.5,100,2.12, 10.1126/SCIENCE.1165480,Phage ELISA,,,V,H,L
3BDY,HL_V,Dual specific bH1 Fab,VEGF,HL95A,L:H91A,2.0,2.6,0.194,0.252,7.5,100,2.12, 10.1126/SCIENCE.1165480,Phage ELISA,,,V,H,L
3BDY,HL_V,Dual specific bH1 Fab,VEGF,IL29A,L:I27bA,1.1,2.6,0.194,0.252,7.5,100,2.12, 10.1126/SCIENCE.1165480,Phage ELISA,,,V,H,L
3BDY,HL_V,Dual specific bH1 Fab,VEGF,IL33A,L:I29A,0.8,2.6,0.194,0.252,7.5,100,2.12, 10.1126/SCIENCE.1165480,Phage ELISA,,,V,H,L
3BDY,HL_V,Dual specific bH1 Fab,VEGF,PL30A,L:P27cA,0.2,2.6,0.194,0.252,7.5,100,2.12, 10.1126/SCIENCE.1165480,Phage ELISA,,,V,H,L
3BDY,HL_V,Dual specific bH1 Fab,VEGF,RL31A,L:R27dA,-0.2,2.6,0.194,0.252,7.5,100,2.12, 10.1126/SCIENCE.1165480,Phage ELISA,,,V,H,L
3BDY,HL_V,Dual specific bH1 Fab,VEGF,SL32A,L:S28A,1.0,2.6,0.194,0.252,7.5,100,2.12, 10.1126/SCIENCE.1165480,Phage ELISA,,,V,H,L
3BDY,HL_V,Dual specific bH1 Fab,VEGF,SL34A,L:S30A,1.3,2.6,0.194,0.252,7.5,100,2.12, 10.1126/SCIENCE.1165480,Phage ELISA,,,V,H,L
3BDY,HL_V,Dual specific bH1 Fab,VEGF,SL56A,L:S52A,0.1,2.6,0.194,0.252,7.5,100,2.12, 10.1126/SCIENCE.1165480,Phage ELISA,,,V,H,L
3BDY,HL_V,Dual specific bH1 Fab,VEGF,TL97A,L:T93A,-0.3,2.6,0.194,0.252,7.5,100,2.12, 10.1126/SCIENCE.1165480,Phage ELISA,,,V,H,L
3BDY,HL_V,Dual specific bH1 Fab,VEGF,TL98A,L:T94A,0.0,2.6,0.194,0.252,7.5,100,2.12, 10.1126/SCIENCE.1165480,Phage ELISA,,,V,H,L
3BDY,HL_V,Dual specific bH1 Fab,VEGF,WL54A,L:W50A,1.3,2.6,0.194,0.252,7.5,100,2.12, 10.1126/SCIENCE.1165480,Phage ELISA,,,V,H,L
3BDY,HL_V,Dual specific bH1 Fab,VEGF,YL36A,L:Y32A,1.7,2.6,0.194,0.252,7.5,100,2.12, 10.1126/SCIENCE.1165480,Phage ELISA,,,V,H,L
3BDY,HL_V,Dual specific bH1 Fab,VEGF,YL57A,L:Y53A,0.7,2.6,0.194,0.252,7.5,100,2.12, 10.1126/SCIENCE.1165480,Phage ELISA,,,V,H,L
3BDY,HL_V,Dual specific bH1 Fab,VEGF,YL96A,L:Y92A,1.4,2.6,0.194,0.252,7.5,100,2.12, 10.1126/SCIENCE.1165480,Phage ELISA,,,V,H,L
3BE1,A_HL,Dual specific bH1 Fab,HER2/ErbB-2,DH31A,H:D31A,0.4,2.9,0.236,0.277,8,100,8.16, 10.1126/SCIENCE.1165480,Phage ELISA,,,A,H,L
3BE1,A_HL,Dual specific bH1 Fab,HER2/ErbB-2,DH102A,H:D98A,-0.1,2.9,0.236,0.277,8,100,8.16, 10.1126/SCIENCE.1165480,Phage ELISA,,,A,H,L
3BE1,A_HL,Dual specific bH1 Fab,HER2/ErbB-2,FH104A,H:F100A,1.9,2.9,0.236,0.277,8,100,8.16, 10.1126/SCIENCE.1165480,Phage ELISA,,,A,H,L
3BE1,A_HL,Dual specific bH1 Fab,HER2/ErbB-2,GH100A,H:G96A,0.1,2.9,0.236,0.277,8,100,8.16, 10.1126/SCIENCE.1165480,Phage ELISA,,,A,H,L
3BE1,A_HL,Dual specific bH1 Fab,HER2/ErbB-2,GH101A,H:G97A,0.3,2.9,0.236,0.277,8,100,8.16, 10.1126/SCIENCE.1165480,Phage ELISA,,,A,H,L
3BE1,A_HL,Dual specific bH1 Fab,HER2/ErbB-2,GH103A,H:G99A,1.8,2.9,0.236,0.277,8,100,8.16, 10.1126/SCIENCE.1165480,Phage ELISA,,,A,H,L
3BE1,A_HL,Dual specific bH1 Fab,HER2/ErbB-2,KH30A,H:K30A,-0.3,2.9,0.236,0.277,8,100,8.16, 10.1126/SCIENCE.1165480,Phage ELISA,,,A,H,L
3BE1,A_HL,Dual specific bH1 Fab,HER2/ErbB-2,NH55A,H:N54A,-0.8,2.9,0.236,0.277,8,100,8.16, 10.1126/SCIENCE.1165480,Phage ELISA,,,A,H,L
3BE1,A_HL,Dual specific bH1 Fab,HER2/ErbB-2,RH50A,H:R50A,2.4,2.9,0.236,0.277,8,100,8.16, 10.1126/SCIENCE.1165480,Phage ELISA,,,A,H,L
3BE1,A_HL,Dual specific bH1 Fab,HER2/ErbB-2,RH59A,H:R58A,2.5,2.9,0.236,0.277,8,100,8.16, 10.1126/SCIENCE.1165480,Phage ELISA,,,A,H,L
3BE1,A_HL,Dual specific bH1 Fab,HER2/ErbB-2,TH32A,H:T32A,-0.4,2.9,0.236,0.277,8,100,8.16, 10.1126/SCIENCE.1165480,Phage ELISA,,,A,H,L
3BE1,A_HL,Dual specific bH1 Fab,HER2/ErbB-2,TH54A,H:T53A,0.1,2.9,0.236,0.277,8,100,8.16, 10.1126/SCIENCE.1165480,Phage ELISA,,,A,H,L
3BE1,A_HL,Dual specific bH1 Fab,HER2/ErbB-2,WH99A,H:W95A,1.8,2.9,0.236,0.277,8,100,8.16, 10.1126/SCIENCE.1165480,Phage ELISA,,,A,H,L
3BE1,A_HL,Dual specific bH1 Fab,HER2/ErbB-2,YH105A,H:Y100aA,1.2,2.9,0.236,0.277,8,100,8.16, 10.1126/SCIENCE.1165480,Phage ELISA,,,A,H,L
3BE1,A_HL,Dual specific bH1 Fab,HER2/ErbB-2,YH33A,H:Y33A,2.4,2.9,0.236,0.277,8,100,8.16, 10.1126/SCIENCE.1165480,Phage ELISA,,,A,H,L
3BE1,A_HL,Dual specific bH1 Fab,HER2/ErbB-2,YH52A,H:Y52A,-0.8,2.9,0.236,0.277,8,100,8.16, 10.1126/SCIENCE.1165480,Phage ELISA,,,A,H,L
3BE1,A_HL,Dual specific bH1 Fab,HER2/ErbB-2,YH57A,H:Y56A,1.8,2.9,0.236,0.277,8,100,8.16, 10.1126/SCIENCE.1165480,Phage ELISA,,,A,H,L
3BE1,A_HL,Dual specific bH1 Fab,HER2/ErbB-2,DL28A,L:D27aA,0.0,2.9,0.236,0.277,8,100,8.16, 10.1126/SCIENCE.1165480,Phage ELISA,,,A,H,L
3BE1,A_HL,Dual specific bH1 Fab,HER2/ErbB-2,GL35A,L:G31A,0.3,2.9,0.236,0.277,8,100,8.16, 10.1126/SCIENCE.1165480,Phage ELISA,,,A,H,L
3BE1,A_HL,Dual specific bH1 Fab,HER2/ErbB-2,GL55A,L:G51A,-0.3,2.9,0.236,0.277,8,100,8.16, 10.1126/SCIENCE.1165480,Phage ELISA,,,A,H,L
3BE1,A_HL,Dual specific bH1 Fab,HER2/ErbB-2,HL95A,L:H91A,0.9,2.9,0.236,0.277,8,100,8.16, 10.1126/SCIENCE.1165480,Phage ELISA,,,A,H,L
3BE1,A_HL,Dual specific bH1 Fab,HER2/ErbB-2,IL29A,L:I27bA,-0.2,2.9,0.236,0.277,8,100,8.16, 10.1126/SCIENCE.1165480,Phage ELISA,,,A,H,L
3BE1,A_HL,Dual specific bH1 Fab,HER2/ErbB-2,IL33A,L:I29A,0.9,2.9,0.236,0.277,8,100,8.16, 10.1126/SCIENCE.1165480,Phage ELISA,,,A,H,L
3BE1,A_HL,Dual specific bH1 Fab,HER2/ErbB-2,PL30A,L:P27cA,0.1,2.9,0.236,0.277,8,100,8.16, 10.1126/SCIENCE.1165480,Phage ELISA,,,A,H,L
3BE1,A_HL,Dual specific bH1 Fab,HER2/ErbB-2,RL31A,L:R27dA,-0.2,2.9,0.236,0.277,8,100,8.16, 10.1126/SCIENCE.1165480,Phage ELISA,,,A,H,L
3BE1,A_HL,Dual specific bH1 Fab,HER2/ErbB-2,SL32A,L:S28A,0.3,2.9,0.236,0.277,8,100,8.16, 10.1126/SCIENCE.1165480,Phage ELISA,,,A,H,L
3BE1,A_HL,Dual specific bH1 Fab,HER2/ErbB-2,SL34A,L:S30A,-0.2,2.9,0.236,0.277,8,100,8.16, 10.1126/SCIENCE.1165480,Phage ELISA,,,A,H,L
3BE1,A_HL,Dual specific bH1 Fab,HER2/ErbB-2,SL56A,L:S52A,0.3,2.9,0.236,0.277,8,100,8.16, 10.1126/SCIENCE.1165480,Phage ELISA,,,A,H,L
3BE1,A_HL,Dual specific bH1 Fab,HER2/ErbB-2,TL97A,L:T93A,-0.4,2.9,0.236,0.277,8,100,8.16, 10.1126/SCIENCE.1165480,Phage ELISA,,,A,H,L
3BE1,A_HL,Dual specific bH1 Fab,HER2/ErbB-2,TL98A,L:T94A,1.4,2.9,0.236,0.277,8,100,8.16, 10.1126/SCIENCE.1165480,Phage ELISA,,,A,H,L
3BE1,A_HL,Dual specific bH1 Fab,HER2/ErbB-2,WL54A,L:W50A,1.4,2.9,0.236,0.277,8,100,8.16, 10.1126/SCIENCE.1165480,Phage ELISA,,,A,H,L
3BE1,A_HL,Dual specific bH1 Fab,HER2/ErbB-2,YL36A,L:Y32A,-0.8,2.9,0.236,0.277,8,100,8.16, 10.1126/SCIENCE.1165480,Phage ELISA,,,A,H,L
3BE1,A_HL,Dual specific bH1 Fab,HER2/ErbB-2,YL57A,L:Y53A,0.9,2.9,0.236,0.277,8,100,8.16, 10.1126/SCIENCE.1165480,Phage ELISA,,,A,H,L
3BE1,A_HL,Dual specific bH1 Fab,HER2/ErbB-2,YL96A,L:Y92A,0.5,2.9,0.236,0.277,8,100,8.16, 10.1126/SCIENCE.1165480,Phage ELISA,,,A,H,L
3BN9,A_HL,MT-SP1,Fab Inhibitor E2,DA217A,A:D217A,0.57,2.17,0.223,0.267,8,100,21.13, 10.1016/J.JMB.2008.05.009,Enzymatic 2,8.5,25.0,A,H,L
3BN9,A_HL,MT-SP1,Fab Inhibitor E2,DA49A,A:D60aA,0.42,2.17,0.223,0.267,8,100,21.13, 10.1016/J.JMB.2008.05.009,Enzymatic 2,8.5,25.0,A,H,L
3BN9,A_HL,MT-SP1,Fab Inhibitor E2,DA50A,A:D60bA,0.31,2.17,0.223,0.267,8,100,21.13, 10.1016/J.JMB.2008.05.009,Enzymatic 2,8.5,25.0,A,H,L
3BN9,A_HL,MT-SP1,Fab Inhibitor E2,DA94A,A:D96A,6.7,2.17,0.223,0.267,8,100,21.13, 10.1016/J.JMB.2008.05.009,Enzymatic 2,8.5,25.0,A,H,L
3BN9,A_HL,MT-SP1,Fab Inhibitor E2,EA166A,A:E169A,0.37,2.17,0.223,0.267,8,100,21.13, 10.1016/J.JMB.2008.05.009,Enzymatic 2,8.5,25.0,A,H,L
3BN9,A_HL,MT-SP1,Fab Inhibitor E2,FA53A,A:F60eA,-0.05,2.17,0.223,0.267,8,100,21.13, 10.1016/J.JMB.2008.05.009,Enzymatic 2,8.5,25.0,A,H,L
3BN9,A_HL,MT-SP1,Fab Inhibitor E2,FA92A,A:F94A,0.64,2.17,0.223,0.267,8,100,21.13, 10.1016/J.JMB.2008.05.009,Enzymatic 2,8.5,25.0,A,H,L
3BN9,A_HL,MT-SP1,Fab Inhibitor E2,FA95A,A:F97A,6.7,2.17,0.223,0.267,8,100,21.13, 10.1016/J.JMB.2008.05.009,Enzymatic 2,8.5,25.0,A,H,L
3BN9,A_HL,MT-SP1,Fab Inhibitor E2,HA141A,A:H143A,0.09,2.17,0.223,0.267,8,100,21.13, 10.1016/J.JMB.2008.05.009,Enzymatic 2,8.5,25.0,A,H,L
3BN9,A_HL,MT-SP1,Fab Inhibitor E2,IA29A,A:I41A,0.0,2.17,0.223,0.267,8,100,21.13, 10.1016/J.JMB.2008.05.009,Enzymatic 2,8.5,25.0,A,H,L
3BN9,A_HL,MT-SP1,Fab Inhibitor E2,IA48A,A:I60A,0.84,2.17,0.223,0.267,8,100,21.13, 10.1016/J.JMB.2008.05.009,Enzymatic 2,8.5,25.0,A,H,L
3BN9,A_HL,MT-SP1,Fab Inhibitor E2,KA224A,A:K224A,0.79,2.17,0.223,0.267,8,100,21.13, 10.1016/J.JMB.2008.05.009,Enzymatic 2,8.5,25.0,A,H,L
3BN9,A_HL,MT-SP1,Fab Inhibitor E2,LA150A,A:L153A,0.34,2.17,0.223,0.267,8,100,21.13, 10.1016/J.JMB.2008.05.009,Enzymatic 2,8.5,25.0,A,H,L
3BN9,A_HL,MT-SP1,Fab Inhibitor E2,NA93A,A:N95A,0.77,2.17,0.223,0.267,8,100,21.13, 10.1016/J.JMB.2008.05.009,Enzymatic 2,8.5,25.0,A,H,L
3BN9,A_HL,MT-SP1,Fab Inhibitor E2,QA143A,A:Q145A,0.13,2.17,0.223,0.267,8,100,21.13, 10.1016/J.JMB.2008.05.009,Enzymatic 2,8.5,25.0,A,H,L
3BN9,A_HL,MT-SP1,Fab Inhibitor E2,QA171A,A:Q174A,-0.03,2.17,0.223,0.267,8,100,21.13, 10.1016/J.JMB.2008.05.009,Enzymatic 2,8.5,25.0,A,H,L
3BN9,A_HL,MT-SP1,Fab Inhibitor E2,QA172A,A:Q175A,2.51,2.17,0.223,0.267,8,100,21.13, 10.1016/J.JMB.2008.05.009,Enzymatic 2,8.5,25.0,A,H,L
3BN9,A_HL,MT-SP1,Fab Inhibitor E2,QA221A,A:Q221aA,0.71,2.17,0.223,0.267,8,100,21.13, 10.1016/J.JMB.2008.05.009,Enzymatic 2,8.5,25.0,A,H,L
3BN9,A_HL,MT-SP1,Fab Inhibitor E2,QA26A,A:Q38A,-0.42,2.17,0.223,0.267,8,100,21.13, 10.1016/J.JMB.2008.05.009,Enzymatic 2,8.5,25.0,A,H,L
3BN9,A_HL,MT-SP1,Fab Inhibitor E2,RA222A,A:R222A,-0.09,2.17,0.223,0.267,8,100,21.13, 10.1016/J.JMB.2008.05.009,Enzymatic 2,8.5,25.0,A,H,L
3BN9,A_HL,MT-SP1,Fab Inhibitor E2,RA51A,A:R60cA,-0.05,2.17,0.223,0.267,8,100,21.13, 10.1016/J.JMB.2008.05.009,Enzymatic 2,8.5,25.0,A,H,L
3BN9,A_HL,MT-SP1,Fab Inhibitor E2,RA54A,A:R60fA,-0.07,2.17,0.223,0.267,8,100,21.13, 10.1016/J.JMB.2008.05.009,Enzymatic 2,8.5,25.0,A,H,L
3BN9,A_HL,MT-SP1,Fab Inhibitor E2,RA85A,A:R87A,-0.16,2.17,0.223,0.267,8,100,21.13, 10.1016/J.JMB.2008.05.009,Enzymatic 2,8.5,25.0,A,H,L
3BN9,A_HL,MT-SP1,Fab Inhibitor E2,TA147A,A:T150A,0.29,2.17,0.223,0.267,8,100,21.13, 10.1016/J.JMB.2008.05.009,Enzymatic 2,8.5,25.0,A,H,L
3BN9,A_HL,MT-SP1,Fab Inhibitor E2,TA96A,A:T98A,1.13,2.17,0.223,0.267,8,100,21.13, 10.1016/J.JMB.2008.05.009,Enzymatic 2,8.5,25.0,A,H,L
3BN9,A_HL,MT-SP1,Fab Inhibitor E2,YA144A,A:Y146A,1.09,2.17,0.223,0.267,8,100,21.13, 10.1016/J.JMB.2008.05.009,Enzymatic 2,8.5,25.0,A,H,L
3BN9,A_HL,MT-SP1,Fab Inhibitor E2,YA55A,A:Y60gA,0.02,2.17,0.223,0.267,8,100,21.13, 10.1016/J.JMB.2008.05.009,Enzymatic 2,8.5,25.0,A,H,L
3BN9,A_HL,MT-SP1,Fab Inhibitor E2,PH104H,H:P100H,8.0,2.17,0.223,0.267,8,100,21.13, 10.1016/J.JMB.2008.05.009,Enzymatic 2,8.5,25.0,A,H,L
3BN9,A_HL,MT-SP1,Fab Inhibitor E2,QH105V,H:Q100aV,1.36,2.17,0.223,0.267,8,100,21.13, 10.1016/J.JMB.2008.05.009,Enzymatic 2,8.5,25.0,A,H,L
3BN9,A_HL,MT-SP1,Fab Inhibitor E2,SH30G,H:S30G,1.36,2.17,0.223,0.267,8,100,21.13, 10.1016/J.JMB.2008.05.009,Enzymatic 2,8.5,25.0,A,H,L
3BN9,A_HL,MT-SP1,Fab Inhibitor E2,SH30N,H:S30N,1.36,2.17,0.223,0.267,8,100,21.13, 10.1016/J.JMB.2008.05.009,Enzymatic 2,8.5,25.0,A,H,L
3BN9,A_HL,MT-SP1,Fab Inhibitor E2,TH28R,H:T28R,0.3,2.17,0.223,0.267,8,100,21.13, 10.1016/J.JMB.2008.05.009,Enzymatic 2,8.5,25.0,A,H,L
3BN9,A_HL,MT-SP1,Fab Inhibitor E2,TH102Q,H:T98Q,0.0,2.17,0.223,0.267,8,100,21.13, 10.1016/J.JMB.2008.05.009,Enzymatic 2,8.5,25.0,A,H,L
3BN9,A_HL,MT-SP1,Fab Inhibitor E2,TH102R,H:T98R,-0.06,2.17,0.223,0.267,8,100,21.13, 10.1016/J.JMB.2008.05.009,Enzymatic 2,8.5,25.0,A,H,L
3BN9,A_HL,MT-SP1,Fab Inhibitor E2,YH103S,H:Y99S,0.41,2.17,0.223,0.267,8,100,21.13, 10.1016/J.JMB.2008.05.009,Enzymatic 2,8.5,25.0,A,H,L
3HFM,HL_Y,HyHEL-10,FV,"CH95A,KY96A","H:C95A,Y:K96A",8.0,3.0,0.246,na,na,na,46.85, 10.1073/PNAS.86.15.5938,Enzymatic 1,6.2 & 7.0,25.0,Y,H,L
3HFM,HL_Y,HyHEL-10,FV,"CH95A,KY97A","H:C95A,Y:K97A",8.0,3.0,0.246,na,na,na,46.85, 10.1073/PNAS.86.15.5938,Enzymatic 1,6.2 & 7.0,25.0,Y,H,L
3HFM,HL_Y,HyHEL-10,FV,"CH95A,YY20A","H:C95A,Y:Y20A",8.0,3.0,0.246,na,na,na,46.85, 10.1073/PNAS.86.15.5938,Enzymatic 1,6.2 & 7.0,25.0,Y,H,L
3HFM,HL_Y,HyHEL-10,FV,"CH95F,KY96A","H:C95F,Y:K96A",8.0,3.0,0.246,na,na,na,46.85, 10.1073/PNAS.86.15.5938,Enzymatic 1,6.2 & 7.0,25.0,Y,H,L
3HFM,HL_Y,HyHEL-10,FV,"CH95F,KY97A","H:C95F,Y:K97A",8.0,3.0,0.246,na,na,na,46.85, 10.1073/PNAS.86.15.5938,Enzymatic 1,6.2 & 7.0,25.0,Y,H,L
3HFM,HL_Y,HyHEL-10,FV,"CH95F,YY20A","H:C95F,Y:Y20A",6.18,3.0,0.246,na,na,na,46.85, 10.1073/PNAS.86.15.5938,Enzymatic 1,6.2 & 7.0,25.0,Y,H,L
3HFM,HL_Y,HyHEL-10,FV,"DH32A,KY97A","H:D32A,Y:K97A",4.6,3.0,0.246,na,na,na,46.85, 10.1073/PNAS.86.15.5938,Enzymatic 1,6.2 & 7.0,25.0,Y,H,L
3HFM,HL_Y,HyHEL-10,FV,"DH32A,KY97M","H:D32A,Y:K97M",1.12,3.0,0.246,na,na,na,46.85, 10.1073/PNAS.86.15.5938,Enzymatic 1,6.2 & 7.0,25.0,Y,H,L
3HFM,HL_Y,HyHEL-10,FV,"DH32N,KY97A","H:D32N,Y:K97A",4.89,3.0,0.246,na,na,na,46.85, 10.1073/PNAS.86.15.5938,Enzymatic 1,6.2 & 7.0,25.0,Y,H,L
3HFM,HL_Y,HyHEL-10,FV,"DH32N,KY97M","H:D32N,Y:K97M",0.3,3.0,0.246,na,na,na,46.85, 10.1073/PNAS.86.15.5938,Enzymatic 1,6.2 & 7.0,25.0,Y,H,L
3HFM,HL_Y,HyHEL-10,FV,"YH33A,KY96A","H:Y33A,Y:K96A",8.0,3.0,0.246,na,na,na,46.85, 10.1073/PNAS.86.15.5938,Enzymatic 1,6.2 & 7.0,25.0,Y,H,L
3HFM,HL_Y,HyHEL-10,FV,"YH33A,KY97A","H:Y33A,Y:K97A",6.83,3.0,0.246,na,na,na,46.85, 10.1073/PNAS.86.15.5938,Enzymatic 1,6.2 & 7.0,25.0,Y,H,L
3HFM,HL_Y,HyHEL-10,FV,"YH33A,YY20A","H:Y33A,Y:Y20A",8.0,3.0,0.246,na,na,na,46.85, 10.1073/PNAS.86.15.5938,Enzymatic 1,6.2 & 7.0,25.0,Y,H,L
3HFM,HL_Y,HyHEL-10,FV,"YH50A,RY21A","H:Y50A,Y:R21A",8.0,3.0,0.246,na,na,na,46.85, 10.1073/PNAS.86.15.5938,Enzymatic 1,6.2 & 7.0,25.0,Y,H,L
3HFM,HL_Y,HyHEL-10,FV,"NL31A,KY96A","L:N31A,Y:K96A",8.0,3.0,0.246,na,na,na,46.85, 10.1073/PNAS.86.15.5938,Enzymatic 1,6.2 & 7.0,25.0,Y,H,L
3HFM,HL_Y,HyHEL-10,FV,"NL32A,YY20A","L:N32A,Y:Y20A",8.0,3.0,0.246,na,na,na,46.85, 10.1073/PNAS.86.15.5938,Enzymatic 1,6.2 & 7.0,25.0,Y,H,L
3HFM,HL_Y,HyHEL-10,FV,"YL50A,KY96A","L:Y50A,Y:K96A",8.0,3.0,0.246,na,na,na,46.85, 10.1073/PNAS.86.15.5938,Enzymatic 1,6.2 & 7.0,25.0,Y,H,L
3HFM,HL_Y,HyHEL-10,FV,"YL50A,KY97A","L:Y50A,Y:K97A",8.0,3.0,0.246,na,na,na,46.85, 10.1073/PNAS.86.15.5938,Enzymatic 1,6.2 & 7.0,25.0,Y,H,L
3HFM,HL_Y,HyHEL-10,FV,"YL50A,RY21A","L:Y50A,Y:R21A",6.42,3.0,0.246,na,na,na,46.85, 10.1073/PNAS.86.15.5938,Enzymatic 1,6.2 & 7.0,25.0,Y,H,L
3HFM,HL_Y,HyHEL-10,FV,"YL50A,YY20A","L:Y50A,Y:Y20A",8.0,3.0,0.246,na,na,na,46.85, 10.1073/PNAS.86.15.5938,Enzymatic 1,6.2 & 7.0,25.0,Y,H,L
3HFM,HL_Y,HyHEL-10,FV,"YL50F,KY96A","L:Y50F,Y:K96A",8.0,3.0,0.246,na,na,na,46.85, 10.1073/PNAS.86.15.5938,Enzymatic 1,6.2 & 7.0,25.0,Y,H,L
3HFM,HL_Y,HyHEL-10,FV,"YL50F,KY97A","L:Y50F,Y:K97A",8.0,3.0,0.246,na,na,na,46.85, 10.1073/PNAS.86.15.5938,Enzymatic 1,6.2 & 7.0,25.0,Y,H,L
3HFM,HL_Y,HyHEL-10,FV,"YL50F,RY21A","L:Y50F,Y:R21A",4.33,3.0,0.246,na,na,na,46.85, 10.1073/PNAS.86.15.5938,Enzymatic 1,6.2 & 7.0,25.0,Y,H,L
3HFM,HL_Y,HyHEL-10,FV,"YL50F,YY20A","L:Y50F,Y:Y20A",6.18,3.0,0.246,na,na,na,46.85, 10.1073/PNAS.86.15.5938,Enzymatic 1,6.2 & 7.0,25.0,Y,H,L
3HFM,HL_Y,HyHEL-10,FV,"YL96A,RY21A","L:Y96A,Y:R21A",5.76,3.0,0.246,na,na,na,46.85, 10.1073/PNAS.86.15.5938,Enzymatic 1,6.2 & 7.0,25.0,Y,H,L
3HFM,HL_Y,HyHEL-10,FV,"YL96F,RY21A","L:Y96F,Y:R21A",4.19,3.0,0.246,na,na,na,46.85, 10.1073/PNAS.86.15.5938,Enzymatic 1,6.2 & 7.0,25.0,Y,H,L
3HFM,HL_Y,HyHEL-10,FV,CH95A,H:C95A,5.52,3.0,0.246,na,na,na,46.85, 10.1073/PNAS.86.15.5938,Enzymatic 1,6.2 & 7.0,25.0,Y,H,L
3HFM,HL_Y,HyHEL-10,FV,CH95F,H:C95F,3.25,3.0,0.246,na,na,na,46.85, 10.1073/PNAS.86.15.5938,Enzymatic 1,6.2 & 7.0,25.0,Y,H,L
3HFM,HL_Y,HyHEL-10,FV,DH32A,H:D32A,1.9,3.0,0.246,na,na,na,46.85, 10.1073/PNAS.86.15.5938,Enzymatic 1,6.2 & 7.0,25.0,Y,H,L
3HFM,HL_Y,HyHEL-10,FV,DH32N,H:D32N,0.17,3.0,0.246,na,na,na,46.85, 10.1073/PNAS.86.15.5938,Enzymatic 1,6.2 & 7.0,25.0,Y,H,L
3HFM,HL_Y,HyHEL-10,FV,SH31A,H:S31A,0.17,3.0,0.246,na,na,na,46.85, 10.1073/PNAS.86.15.5938,Enzymatic 1,6.2 & 7.0,25.0,Y,H,L
3HFM,HL_Y,HyHEL-10,FV,YH33A,H:Y33A,6.0,3.0,0.246,na,na,na,46.85, 10.1073/PNAS.86.15.5938,Enzymatic 1,6.2 & 7.0,25.0,Y,H,L
3HFM,HL_Y,HyHEL-10,FV,YH50A,H:Y50A,8.0,3.0,0.246,na,na,na,46.85, 10.1073/PNAS.86.15.5938,Enzymatic 1,6.2 & 7.0,25.0,Y,H,L
3HFM,HL_Y,HyHEL-10,FV,NL31A,L:N31A,5.22,3.0,0.246,na,na,na,46.85, 10.1073/PNAS.86.15.5938,Enzymatic 1,6.2 & 7.0,25.0,Y,H,L
3HFM,HL_Y,HyHEL-10,FV,NL31D,L:N31D,1.34,3.0,0.246,na,na,na,46.85, 10.1073/PNAS.86.15.5938,Enzymatic 1,6.2 & 7.0,25.0,Y,H,L
3HFM,HL_Y,HyHEL-10,FV,NL31E,L:N31E,5.67,3.0,0.246,na,na,na,46.85, 10.1073/PNAS.86.15.5938,Enzymatic 1,6.2 & 7.0,25.0,Y,H,L
3HFM,HL_Y,HyHEL-10,FV,NL32A,L:N32A,5.11,3.0,0.246,na,na,na,46.85, 10.1073/PNAS.86.15.5938,Enzymatic 1,6.2 & 7.0,25.0,Y,H,L
3HFM,HL_Y,HyHEL-10,FV,QL53A,L:Q53A,0.95,3.0,0.246,na,na,na,46.85, 10.1073/PNAS.86.15.5938,Enzymatic 1,6.2 & 7.0,25.0,Y,H,L
3HFM,HL_Y,HyHEL-10,FV,YL50A,L:Y50A,4.57,3.0,0.246,na,na,na,46.85, 10.1073/PNAS.86.15.5938,Enzymatic 1,6.2 & 7.0,25.0,Y,H,L
3HFM,HL_Y,HyHEL-10,FV,YL50F,L:Y50F,2.36,3.0,0.246,na,na,na,46.85, 10.1073/PNAS.86.15.5938,Enzymatic 1,6.2 & 7.0,25.0,Y,H,L
3HFM,HL_Y,HyHEL-10,FV,YL50L,L:Y50L,4.4,3.0,0.246,na,na,na,46.85, 10.1073/PNAS.86.15.5938,Enzymatic 1,6.2 & 7.0,25.0,Y,H,L
3HFM,HL_Y,HyHEL-10,FV,YL96A,L:Y96A,2.71,3.0,0.246,na,na,na,46.85, 10.1073/PNAS.86.15.5938,Enzymatic 1,6.2 & 7.0,25.0,Y,H,L
3HFM,HL_Y,HyHEL-10,FV,YL96F,L:Y96F,1.4,3.0,0.246,na,na,na,46.85, 10.1073/PNAS.86.15.5938,Enzymatic 1,6.2 & 7.0,25.0,Y,H,L
3HFM,HL_Y,HyHEL-10,FV,KY96A,Y:K96A,6.83,3.0,0.246,na,na,na,46.85, 10.1073/PNAS.86.15.5938,Enzymatic 1,6.2 & 7.0,25.0,Y,H,L
3HFM,HL_Y,HyHEL-10,FV,KY97A,Y:K97A,6.18,3.0,0.246,na,na,na,46.85, 10.1073/PNAS.86.15.5938,Enzymatic 1,6.2 & 7.0,25.0,Y,H,L
3HFM,HL_Y,HyHEL-10,FV,KY97M,Y:K97M,1.09,3.0,0.246,na,na,na,46.85, 10.1073/PNAS.86.15.5938,Enzymatic 1,6.2 & 7.0,25.0,Y,H,L
3HFM,HL_Y,HyHEL-10,FV,RY21A,Y:R21A,1.03,3.0,0.246,na,na,na,46.85, 10.1073/PNAS.86.15.5938,Enzymatic 1,6.2 & 7.0,25.0,Y,H,L
3HFM,HL_Y,HyHEL-10,FV,YY20A,Y:Y20A,4.87,3.0,0.246,na,na,na,46.85, 10.1073/PNAS.86.15.5938,Enzymatic 1,6.2 & 7.0,25.0,Y,H,L
3NGB,G_HL,VRC01,HIV-1 gp120,"AH56G,VH57T,PH62K,VH73T","H:A56G,H:V57T,H:P62K,H:V73T",1.67,2.68,0.197,0.256,8.5,100,10.31, 10.1126/SCIENCE.1192819,ELISA,7.4,20.0,G,H,L
3NGB,G_HL,VRC01,HIV-1 gp120,"CH32S,CH98A","H:C32S,H:C98A",0.26,2.68,0.197,0.256,8.5,100,10.31, 10.1126/SCIENCE.1192819,ELISA,7.4,20.0,G,H,L
3NGB,G_HL,VRC01,HIV-1 gp120,"IH30T,KH52N,RH53N,GH54S,AH56G,VH57T,RH61Q,PH62K,VH73T,YH74S,YL28S","H:I30T,H:K52N,H:R53N,H:G54S,H:A56G,H:V57T,H:R61Q,H:P62K,H:V73T,H:Y74S,L:Y28S",0.87,2.68,0.197,0.256,8.5,100,10.31, 10.1126/SCIENCE.1192819,ELISA,7.4,20.0,G,H,L
3NGB,G_HL,VRC01,HIV-1 gp120,"TH33Y,GH55S,AH56G,VH57T,PH62K,VH73T,YH74S","H:T33Y,H:G55S,H:A56G,H:V57T,H:P62K,H:V73T,H:Y74S",1.91,2.68,0.197,0.256,8.5,100,10.31, 10.1126/SCIENCE.1192819,ELISA,7.4,20.0,G,H,L
3NGB,G_HL,VRC01,HIV-1 gp120,AH56G,H:A56G,-0.06,2.68,0.197,0.256,8.5,100,10.31, 10.1126/SCIENCE.1192819,ELISA,7.4,20.0,G,H,L
3NGB,G_HL,VRC01,HIV-1 gp120,GH54S,H:G54S,0.73,2.68,0.197,0.256,8.5,100,10.31, 10.1126/SCIENCE.1192819,ELISA,7.4,20.0,G,H,L
3NGB,G_HL,VRC01,HIV-1 gp120,IH30T,H:I30T,0.08,2.68,0.197,0.256,8.5,100,10.31, 10.1126/SCIENCE.1192819,ELISA,7.4,20.0,G,H,L
3NGB,G_HL,VRC01,HIV-1 gp120,KH52N,H:K52N,0.18,2.68,0.197,0.256,8.5,100,10.31, 10.1126/SCIENCE.1192819,ELISA,7.4,20.0,G,H,L
3NGB,G_HL,VRC01,HIV-1 gp120,PH62K,H:P62K,0.23,2.68,0.197,0.256,8.5,100,10.31, 10.1126/SCIENCE.1192819,ELISA,7.4,20.0,G,H,L
3NGB,G_HL,VRC01,HIV-1 gp120,RH53N,H:R53N,0.05,2.68,0.197,0.256,8.5,100,10.31, 10.1126/SCIENCE.1192819,ELISA,7.4,20.0,G,H,L
3NGB,G_HL,VRC01,HIV-1 gp120,RH61Q,H:R61Q,0.1,2.68,0.197,0.256,8.5,100,10.31, 10.1126/SCIENCE.1192819,ELISA,7.4,20.0,G,H,L
3NGB,G_HL,VRC01,HIV-1 gp120,TH33Y,H:T33Y,0.08,2.68,0.197,0.256,8.5,100,10.31, 10.1126/SCIENCE.1192819,ELISA,7.4,20.0,G,H,L
3NGB,G_HL,VRC01,HIV-1 gp120,VH57T,H:V57T,0.14,2.68,0.197,0.256,8.5,100,10.31, 10.1126/SCIENCE.1192819,ELISA,7.4,20.0,G,H,L
3NGB,G_HL,VRC01,HIV-1 gp120,VH73T,H:V73T,0.16,2.68,0.197,0.256,8.5,100,10.31, 10.1126/SCIENCE.1192819,ELISA,7.4,20.0,G,H,L
3NGB,G_HL,VRC01,HIV-1 gp120,YH74S,H:Y74S,0.33,2.68,0.197,0.256,8.5,100,10.31, 10.1126/SCIENCE.1192819,ELISA,7.4,20.0,G,H,L
HM_1YY9,A_HL,EGFR,hu225,AH98W,H:A98W,-0.23,,,,,,,,SPR,,25.0,A,H,L
HM_1YY9,A_HL,EGFR,hu225,GH33D,H:G33D,-0.89,,,,,,,,SPR,,25.0,A,H,L
HM_1YY9,A_HL,EGFR,hu225,IH51G,H:I51G,-0.51,,,,,,,,SPR,,25.0,A,H,L
HM_1YY9,A_HL,EGFR,hu225,RH97D,H:R97D,-0.99,,,,,,,,SPR,,25.0,A,H,L
HM_1YY9,A_HL,EGFR,hu225,TH100Y,H:T100Y,-0.45,,,,,,,,SPR,,25.0,A,H,L
HM_1YY9,A_HL,EGFR,hu225,TH57G,H:T57G,-0.46,,,,,,,,SPR,,25.0,A,H,L
HM_1YY9,A_HL,EGFR,hu225,TH57P,H:T57P,-0.48,,,,,,,,SPR,,25.0,A,H,L
HM_1YY9,A_HL,EGFR,hu225,VH50L,H:V50L,-0.6,,,,,,,,SPR,,25.0,A,H,L
HM_1YY9,A_HL,EGFR,hu225,VH50Q,H:V50Q,-0.64,,,,,,,,SPR,,25.0,A,H,L
HM_1YY9,A_HL,EGFR,hu225,YH32R,H:Y32R,-0.13,,,,,,,,SPR,,25.0,A,H,L
HM_1YY9,A_HL,EGFR,hu225,AL25V,L:A25V,-0.62,,,,,,,,SPR,,25.0,A,H,L
HM_1YY9,A_HL,EGFR,hu225,GL30Y,L:G30Y,-0.92,,,,,,,,SPR,,25.0,A,H,L
HM_1YY9,A_HL,EGFR,hu225,QL27Y,L:Q27Y,-0.83,,,,,,,,SPR,,25.0,A,H,L
HM_1YY9,A_HL,EGFR,hu225,TL97C,L:T97C,-0.51,,,,,,,,SPR,,25.0,A,H,L
HM_1YY9,A_HL,EGFR,hu225,TL97D,L:T97D,-0.66,,,,,,,,SPR,,25.0,A,H,L
HM_1YY9,A_HL,EGFR,hu225,TL97S,L:T97S,-0.7,,,,,,,,SPR,,25.0,A,H,L
HM_2NYY,A_HL,Bont/A2,mAb CR1,DA1062A,A:D1062A,-0.14,,,,,,,,KinExA,7.4,23.0,A,H,L
HM_2NYY,A_HL,Bont/A2,mAb CR1,DA902A,A:D902A,-0.49,,,,,,,,KinExA,7.4,23.0,A,H,L
HM_2NYY,A_HL,Bont/A2,mAb CR1,EA920A,A:E920A,0.5,,,,,,,,KinExA,7.4,23.0,A,H,L
HM_2NYY,A_HL,Bont/A2,mAb CR1,FA953A,A:F953A,1.53,,,,,,,,KinExA,7.4,23.0,A,H,L
HM_2NYY,A_HL,Bont/A2,mAb CR1,IA917A,A:I917A,0.95,,,,,,,,KinExA,7.4,23.0,A,H,L
HM_2NYY,A_HL,Bont/A2,mAb CR1,KA915A,A:K915A,-0.31,,,,,,,,KinExA,7.4,23.0,A,H,L
HM_2NYY,A_HL,Bont/A2,mAb CR1,KA955A,A:K955A,-0.5,,,,,,,,KinExA,7.4,23.0,A,H,L
HM_2NYY,A_HL,Bont/A2,mAb CR1,LA919A,A:L919A,0.41,,,,,,,,KinExA,7.4,23.0,A,H,L
HM_2NYY,A_HL,Bont/A2,mAb CR1,NA918A,A:N918A,0.3,,,,,,,,KinExA,7.4,23.0,A,H,L
HM_2NYY,A_HL,Bont/A2,mAb CR1,NA957A,A:N957A,0.01,,,,,,,,KinExA,7.4,23.0,A,H,L
HM_2NYY,A_HL,Bont/A2,mAb CR1,PA1063A,A:P1063A,0.24,,,,,,,,KinExA,7.4,23.0,A,H,L
HM_2NYY,A_HL,Bont/A2,mAb CR1,RA1061A,A:R1061A,0.58,,,,,,,,KinExA,7.4,23.0,A,H,L
HM_2NYY,A_HL,Bont/A2,mAb CR1,RA1064A,A:R1064A,4.44,,,,,,,,KinExA,7.4,23.0,A,H,L
HM_2NYY,A_HL,Bont/A2,mAb CR1,RA903A,A:R903A,-0.02,,,,,,,,KinExA,7.4,23.0,A,H,L
HM_2NYY,A_HL,Bont/A2,mAb CR1,SA954A,A:S954A,-0.66,,,,,,,,KinExA,7.4,23.0,A,H,L
HM_2NYY,A_HL,Bont/A2,mAb CR1,TA923A,A:T923A,0.62,,,,,,,,KinExA,7.4,23.0,A,H,L
HM_2NYY,A_HL,Bont/A2,mAb CR1,KH30R,H:K30R,0.51,,,,,,,,KinExA,7.4,23.0,A,H,L
HM_2NYY,A_HL,Bont/A2,mAb CR1,MH34Q,H:M34Q,-0.01,,,,,,,,KinExA,7.4,23.0,A,H,L
HM_2NYY,A_HL,Bont/A2,mAb CR1,YH31D,H:Y31D,0.97,,,,,,,,KinExA,7.4,23.0,A,H,L
HM_2NYY,A_HL,Bont/A2,mAb CR1,YH31Q,H:Y31Q,1.33,,,,,,,,KinExA,7.4,23.0,A,H,L
HM_2NYY,A_HL,Bont/A2,mAb CR1,YH57Q,H:Y57Q,1.19,,,,,,,,KinExA,7.4,23.0,A,H,L
HM_2NYY,A_HL,Bont/A2,mAb CR1,DL30Y,L:D30Y,0.6,,,,,,,,KinExA,7.4,23.0,A,H,L
HM_2NYY,A_HL,Bont/A2,mAb CR1,HL34R,L:H34R,0.63,,,,,,,,KinExA,7.4,23.0,A,H,L
HM_2NYY,A_HL,Bont/A2,mAb CR1,SL28Q,L:S28Q,0.7,,,,,,,,KinExA,7.4,23.0,A,H,L
HM_2NYY,A_HL,Bont/A2,mAb CR1,SL31N,L:S31N,1.2,,,,,,,,KinExA,7.4,23.0,A,H,L
HM_2NZ9,A_HL,Bont/A2,mAb AR2,DA1062A,A:D1062A,-0.14,,,,,,,,KinExA,7.4,23.0,A,H,L
HM_2NZ9,A_HL,Bont/A2,mAb AR2,DA902A,A:D902A,-0.49,,,,,,,,KinExA,7.4,23.0,A,H,L
HM_2NZ9,A_HL,Bont/A2,mAb AR2,EA920A,A:E920A,0.5,,,,,,,,KinExA,7.4,23.0,A,H,L
HM_2NZ9,A_HL,Bont/A2,mAb AR2,FA953A,A:F953A,1.53,,,,,,,,KinExA,7.4,23.0,A,H,L
HM_2NZ9,A_HL,Bont/A2,mAb AR2,IA917A,A:I917A,0.95,,,,,,,,KinExA,7.4,23.0,A,H,L
HM_2NZ9,A_HL,Bont/A2,mAb AR2,KA915A,A:K915A,-0.31,,,,,,,,KinExA,7.4,23.0,A,H,L
HM_2NZ9,A_HL,Bont/A2,mAb AR2,KA955A,A:K955A,-0.5,,,,,,,,KinExA,7.4,23.0,A,H,L
HM_2NZ9,A_HL,Bont/A2,mAb AR2,LA919A,A:L919A,0.41,,,,,,,,KinExA,7.4,23.0,A,H,L
HM_2NZ9,A_HL,Bont/A2,mAb AR2,NA918A,A:N918A,0.3,,,,,,,,KinExA,7.4,23.0,A,H,L
HM_2NZ9,A_HL,Bont/A2,mAb AR2,NA957A,A:N957A,0.01,,,,,,,,KinExA,7.4,23.0,A,H,L
HM_2NZ9,A_HL,Bont/A2,mAb AR2,PA1063A,A:P1063A,0.24,,,,,,,,KinExA,7.4,23.0,A,H,L
HM_2NZ9,A_HL,Bont/A2,mAb AR2,RA1061A,A:R1061A,0.58,,,,,,,,KinExA,7.4,23.0,A,H,L
HM_2NZ9,A_HL,Bont/A2,mAb AR2,RA1064A,A:R1064A,4.44,,,,,,,,KinExA,7.4,23.0,A,H,L
HM_2NZ9,A_HL,Bont/A2,mAb AR2,RA903A,A:R903A,-0.02,,,,,,,,KinExA,7.4,23.0,A,H,L
HM_2NZ9,A_HL,Bont/A2,mAb AR2,SA954A,A:S954A,-0.66,,,,,,,,KinExA,7.4,23.0,A,H,L
HM_2NZ9,A_HL,Bont/A2,mAb AR2,TA923A,A:T923A,0.62,,,,,,,,KinExA,7.4,23.0,A,H,L
HM_3BN9,A_HL,Epithin,Fab Inhibitor E2,PH104H,H:P100H,1.36,,,,,,,,Enzymatic 2,8.5,25.0,A,H,L
HM_3BN9,A_HL,Epithin,Fab Inhibitor E2,QH105V,H:Q100aV,0.41,,,,,,,,Enzymatic 2,8.5,25.0,A,H,L
HM_3BN9,A_HL,Epithin,Fab Inhibitor E2,SH30G,H:S30G,0.71,,,,,,,,Enzymatic 2,8.5,25.0,A,H,L
HM_3BN9,A_HL,Epithin,Fab Inhibitor E2,SH30N,H:S30N,0.71,,,,,,,,Enzymatic 2,8.5,25.0,A,H,L
HM_3BN9,A_HL,Epithin,Fab Inhibitor E2,TH28R,H:T28R,-0.24,,,,,,,,Enzymatic 2,8.5,25.0,A,H,L
HM_3BN9,A_HL,Epithin,Fab Inhibitor E2,TH102Q,H:T98Q,-0.16,,,,,,,,Enzymatic 2,8.5,25.0,A,H,L
HM_3BN9,A_HL,Epithin,Fab Inhibitor E2,TH102R,H:T98R,-1.57,,,,,,,,Enzymatic 2,8.5,25.0,A,H,L
HM_3BN9,A_HL,Epithin,Fab Inhibitor E2,YH103S,H:Y99S,0.54,,,,,,,,Enzymatic 2,8.5,25.0,A,H,L
